""	"feature"	"metadata"	"value"	"coef"	"stderr"	"pval"	"qval"	"base.model"	"tweedie.index"	"N"	"N.not.zero"	"percent.zero"	"HMDB"
"HMDB0001870"	"benzoate"	"Group"	"Severe"	4.5749365094877	0.1903152527469	3.77304446622619e-39	3.95716903617803e-36	"CPLM"	1.99	96	96	0	"HMDB0001870"
"HMDB0000056"	"beta-alanine"	"Group"	"Severe"	1.84805745333732	0.123460280508869	2.68693952371228e-25	2.01290155176389e-22	"CPLM"	1.435	96	96	0	"HMDB0000056"
"HMDB0000630"	"cytosine"	"Group"	"Severe"	2.63313350109945	0.240989927110541	9.71868959725939e-18	4.63316438618439e-15	"CPLM"	1.99	96	96	0	"HMDB0000630"
"HMDB0029415"	"S-carboxyethylcysteine"	"Group"	"Severe"	2.01952692628023	0.187305095907712	1.86661603529003e-17	7.52964191466223e-15	"CPLM"	1.963	96	96	0	"HMDB0029415"
"HMDB0240655"	"o-cresol sulfate"	"Group"	"Severe"	-3.62228324513708	0.35153697507308	1.63865854524311e-16	5.05477965367932e-14	"CPLM"	1.823	96	96	0	"HMDB0240655"
"HMDB0004949"	"N-palmitoyl-sphingosine (d18:1/16:0)"	"Group"	"Severe"	0.841220467191765	0.088087716099601	5.19345763141359e-15	1.51302732328516e-12	"CPLM"	1.99	96	96	0	"HMDB0004949"
"METPA0283"	"4-chlorobenzoic acid"	"Group"	"Severe"	0.855671861643513	0.101166293552353	7.92972971238663e-13	1.89015920962525e-10	"CPLM"	1.99	96	96	0	"METPA0283"
"HMDB0000169"	"mannose"	"Group"	"Severe"	1.16307716699912	0.151006367072326	2.54097666460529e-11	5.12495447276544e-09	"CPLM"	1.99	96	96	0	"HMDB0000169"
"HMDB0240317"	"N-formylphenylalanine"	"Group"	"Severe"	0.593837356990933	0.078842619603686	5.51903896013223e-11	9.43494770926483e-09	"CPLM"	1.99	96	96	0	"HMDB0240317"
"HMDB0061914"	"8-hydroxyoctanoate"	"Group"	"Severe"	1.00447415515311	0.13546742202461	9.39318646879057e-11	1.49266272249508e-08	"CPLM"	1.99	96	96	0	"HMDB0061914"
"HMDB0061115"	"tryptophan betaine"	"Group"	"Severe"	-2.15218953946856	0.299136023632914	2.54397284145929e-10	3.60556583259798e-08	"CPLM"	1.99	96	96	0	"HMDB0061115"
"HMDB0094682"	"5alpha-androstan-3alpha,17beta-diol disulfate"	"Group"	"Severe"	2.64685828217801	0.376106217494101	5.16148100677095e-10	6.94020676910433e-08	"CPLM"	1.942	96	96	0	"HMDB0094682"
"HMDB0005862"	"N2-methylguanosine"	"Group"	"Severe"	2.00316903178202	0.286412959438395	6.27545217212552e-10	8.22711779765656e-08	"CPLM"	1.99	96	96	0	"HMDB0005862"
"HMDB0000195"	"inosine"	"Group"	"Severe"	3.58606887211919	0.516385110286324	7.8315381045597e-10	1.00167282488564e-07	"CPLM"	1.99	96	96	0	"HMDB0000195"
"HMDB0001893"	"alpha-tocopherol"	"Group"	"Severe"	-0.796901911110728	0.118615466511283	2.14807347072995e-09	2.56011301829724e-07	"CPLM"	1.876	96	96	0	"HMDB0001893"
"HMDB0000277"	"sphingosine 1-phosphate"	"Group"	"Severe"	-0.621228012083351	0.0937275942684073	3.20664961358684e-09	3.57780224971264e-07	"CPLM"	1.323	96	96	0	"HMDB0000277"
"HMDB0000296"	"uridine"	"Group"	"Severe"	-0.554313960375494	0.0838262974875123	3.43228576384913e-09	3.74977219700517e-07	"CPLM"	1.569	96	96	0	"HMDB0000296"
"HMDB0001931"	"gamma-CEHC"	"Group"	"Severe"	-1.55347520692719	0.237889822427665	4.93929056929029e-09	5.01577479546695e-07	"CPLM"	1.684	96	96	0	"HMDB0001931"
"HMDB0000337"	"3,4-dihydroxybutyrate"	"Group"	"Severe"	0.819548703115715	0.126513555628519	6.21793652911104e-09	6.15223757710534e-07	"CPLM"	1.99	96	96	0	"HMDB0000337"
"HMDB0000128"	"guanidinoacetate"	"Group"	"Severe"	-1.56230752657739	0.242351172304704	7.14101662128404e-09	6.80863475672973e-07	"CPLM"	1.633	96	96	0	"HMDB0000128"
"HMDB0001348"	"stearoyl sphingomyelin (d18:1/18:0)"	"Group"	"Severe"	0.656468461767262	0.10299965499998	9.83351857219942e-09	8.74016464281589e-07	"CPLM"	1.99	96	96	0	"HMDB0001348"
"HMDB0003876"	"15-HETE"	"Group"	"Severe"	-1.42891417817573	0.226104317781183	1.24407026551023e-08	1.05127365295687e-06	"CPLM"	1.705	96	96	0	"HMDB0003876"
"HMDB0012453"	"3beta-hydroxy-5-cholestenoate"	"Group"	"Severe"	-1.7956909050911	0.2895149731336	2.07321319171966e-08	1.57564202570694e-06	"CPLM"	1.744	96	96	0	"HMDB0012453"
"HMDB0000670"	"homoarginine"	"Group"	"Severe"	-0.784794877278171	0.126925460034809	2.25424599987792e-08	1.62449618348233e-06	"CPLM"	1.913	96	96	0	"HMDB0000670"
"HMDB0000904"	"citrulline"	"Group"	"Severe"	-0.498114362479722	0.0839291359117127	6.5651091423802e-08	4.00318980728393e-06	"CPLM"	1.818	96	96	0	"HMDB0000904"
"HMDB0002579"	"glycochenodeoxycholate glucuronide (1)"	"Group"	"Severe"	1.79446997754365	0.30729318665439	9.85835041674688e-08	5.68100984455172e-06	"CPLM"	1.99	96	96	0	"HMDB0002579"
"HMDB0011178"	"prolylglycine"	"Group"	"Severe"	-1.16564584825877	0.200320425555825	1.07645075805009e-07	6.06979330668247e-06	"CPLM"	1.577	96	96	0	"HMDB0011178"
"HMDB0000162"	"proline"	"Group"	"Severe"	-0.503614815308651	0.0885410138756462	1.87288037178849e-07	9.62880849966551e-06	"CPLM"	1.99	96	96	0	"HMDB0000162"
"HMDB0000008"	"2-hydroxybutyrate/2-hydroxyisobutyrate"	"Group"	"Severe"	0.848228391833191	0.150491867582633	2.32594407119003e-07	1.1222492618355e-05	"CPLM"	1.99	96	96	0	"HMDB0000008"
"HMDB0000345"	"3-hydroxyadipate"	"Group"	"Severe"	1.17963018899482	0.209685134755727	2.43219478917553e-07	1.15949358858514e-05	"CPLM"	1.704	96	96	0	"HMDB0000345"
"HMDB0000462"	"allantoin"	"Group"	"Severe"	0.497541094801252	0.0888866883139623	2.73758865434314e-07	1.27043494720137e-05	"CPLM"	1.99	96	96	0	"HMDB0000462"
"HMDB0000779"	"phenyllactate (PLA)"	"Group"	"Severe"	0.875198888380616	0.157896211663896	3.43856863386544e-07	1.52812321321952e-05	"CPLM"	1.99	96	96	0	"HMDB0000779"
"HMDB0002497"	"glycochenodeoxycholate 3-sulfate"	"Group"	"Severe"	1.54127953734858	0.281455594171951	4.53859743098234e-07	1.95085286295667e-05	"CPLM"	1.99	96	96	0	"HMDB0002497"
"HMDB0000725"	"hydroxyproline"	"Group"	"Severe"	-0.909116956960422	0.166743214414979	5.01106299315315e-07	2.10318102828096e-05	"CPLM"	1.99	96	96	0	"HMDB0000725"
"HMDB0000089"	"cytidine"	"Group"	"Severe"	0.874893189104142	0.160695889961248	5.175315662283e-07	2.1369571128356e-05	"CPLM"	1.99	96	96	0	"HMDB0000089"
"HMDB0000884"	"5-methyluridine (ribothymidine)"	"Group"	"Severe"	-0.440027667944009	0.0825383924260694	8.2495675713348e-07	3.22841286149849e-05	"CPLM"	1.78	96	96	0	"HMDB0000884"
"HMDB0002007"	"nisinate (24:6n3)"	"Group"	"Severe"	-2.10898709325483	0.396943757295135	8.88546544747498e-07	3.42613094165873e-05	"CPLM"	1.957	96	96	0	"HMDB0002007"
"HMDB0006119"	"7-hydroxycholesterol (alpha or beta)"	"Group"	"Severe"	0.848967550261576	0.160356946268677	9.59681310075717e-07	3.62103626138864e-05	"CPLM"	1.536	96	96	0	"HMDB0006119"
"HMDB0000133"	"guanosine"	"Group"	"Severe"	2.21774284712673	0.420716032789306	1.05368469874726e-06	3.81070521395216e-05	"CPLM"	1.99	96	96	0	"HMDB0000133"
"HMDB0009815"	"1-stearoyl-2-arachidonoyl-GPI (18:0/20:4)"	"Group"	"Severe"	-0.498306494060287	0.0948693703168984	1.13761208909457e-06	4.03083634811616e-05	"CPLM"	1.481	96	96	0	"HMDB0009815"
"HMDB0006409"	"tyramine O-sulfate"	"Group"	"Severe"	-2.60974766585582	0.501344143508193	1.37742799050067e-06	4.69041063778281e-05	"CPLM"	1.99	96	96	0	"HMDB0006409"
"HMDB0002108"	"S-methylcysteine"	"Group"	"Severe"	-1.06047411599236	0.204766337723907	1.53392689398027e-06	5.12351123059396e-05	"CPLM"	1.553	96	96	0	"HMDB0002108"
"HMDB0060426"	"8-methoxykynurenate"	"Group"	"Severe"	2.09038224519709	0.406598792966529	1.78713491173478e-06	5.85733467321073e-05	"CPLM"	1.99	96	96	0	"HMDB0060426"
"HMDB0029068"	"threonylphenylalanine"	"Group"	"Severe"	-2.11409487536871	0.412758201074319	1.93149358206384e-06	6.25231626193998e-05	"CPLM"	1.99	96	96	0	"HMDB0029068"
"HMDB0240261"	"1-stearoyl-GPI (18:0)"	"Group"	"Severe"	-0.806413011479806	0.1583454554855	2.17158832251564e-06	6.94378607516586e-05	"CPLM"	1.99	96	96	0	"HMDB0240261"
"HMDB0001522"	"1-methylguanidine"	"Group"	"Severe"	0.844093158191924	0.166486687613321	2.37880935984958e-06	7.16923924313287e-05	"CPLM"	1.99	96	96	0	"HMDB0001522"
"HMDB0001565"	"phosphocholine"	"Group"	"Severe"	0.364200162437742	0.0722168156030081	2.64917453225684e-06	7.93844071265994e-05	"CPLM"	1.99	96	96	0	"HMDB0001565"
"HMDB0000159"	"phenylalanine"	"Group"	"Severe"	0.273321353102656	0.0542320496825513	2.68435974334392e-06	7.99817187164519e-05	"CPLM"	1.99	96	96	0	"HMDB0000159"
"HMDB0000784"	"azelate (C9-DC)"	"Group"	"Severe"	0.713770764282999	0.141926980675142	2.80171557043154e-06	8.2079309784039e-05	"CPLM"	1.99	96	96	0	"HMDB0000784"
"HMDB0000947"	"undecanoate (11:0)"	"Group"	"Severe"	0.245351524809373	0.048967993803583	3.01870813732574e-06	8.74591462548961e-05	"CPLM"	1.01	96	96	0	"HMDB0000947"
"HMDB0094656"	"2-hydroxydecanoate"	"Group"	"Severe"	-0.899013022328417	0.179575081589477	3.06859227115407e-06	8.84159223622635e-05	"CPLM"	1.99	96	96	0	"HMDB0094656"
"HMDB0000756"	"hexanoylcarnitine (C6)"	"Group"	"Severe"	0.866258175178927	0.173898843513461	3.38892646493428e-06	9.6584404250627e-05	"CPLM"	1.99	96	96	0	"HMDB0000756"
"HMDB0000684"	"kynurenine"	"Group"	"Severe"	0.867773039908323	0.174517609402804	3.51208226069552e-06	9.90180611563834e-05	"CPLM"	1.99	96	96	0	"HMDB0000684"
"HMDB0240365"	"N,N,N-trimethyl-alanylproline betaine (TMAP)"	"Group"	"Severe"	1.06160758633991	0.214800882164728	3.95785858100999e-06	0.000109814869835007	"CPLM"	1.99	96	96	0	"HMDB0240365"
"HMDB0000283"	"ribose"	"Group"	"Severe"	1.5113631484667	0.306358110173904	4.10087299578294e-06	0.000113184094683609	"CPLM"	1.888	96	96	0	"HMDB0000283"
"HMDB0000023"	"3-hydroxyisobutyrate"	"Group"	"Severe"	0.78187344472714	0.160792355309176	5.41957942938498e-06	0.000144265352932461	"CPLM"	1.589	96	96	0	"HMDB0000023"
"HMDB0010405"	"1-lignoceroyl-GPC (24:0)"	"Group"	"Severe"	-2.24311763798028	0.464993120209959	6.30673861693511e-06	0.000162918902991171	"CPLM"	1.99	96	96	0	"HMDB0010405"
"HMDB0000026"	"3-ureidopropionate"	"Group"	"Severe"	0.881422241444208	0.184062379458808	7.23862550988473e-06	0.000182496885451132	"CPLM"	1.99	96	96	0	"HMDB0000026"
"HMDB0002486"	"taurochenodeoxycholic acid 3-sulfate"	"Group"	"Severe"	2.15414761929057	0.452191822671791	7.97670381704044e-06	0.000198406465724823	"CPLM"	1.99	96	96	0	"HMDB0002486"
"HMDB0000172"	"isoleucine"	"Group"	"Severe"	-0.430143143510245	0.0905046233698407	8.32760500368472e-06	0.000204159575755009	"CPLM"	1.925	96	96	0	"HMDB0000172"
"HMDB0000126"	"glycerol 3-phosphate"	"Group"	"Severe"	-0.605661033470916	0.127963002563269	8.98686107033394e-06	0.000217175573515351	"CPLM"	1.41	96	96	0	"HMDB0000126"
"HMDB0240583"	"arachidonoylcholine"	"Group"	"Severe"	-0.928889058254101	0.197708395014988	1.02834500749369e-05	0.000242911766634997	"CPLM"	1.611	96	96	0	"HMDB0240583"
"HMDB0094649"	"2-aminoheptanoate"	"Group"	"Severe"	-1.25520012535395	0.267837182703879	1.07648473502121e-05	0.000251458203675191	"CPLM"	1.676	96	96	0	"HMDB0094649"
"HMDB0240459"	"4-methylcatechol sulfate"	"Group"	"Severe"	-2.16196910898155	0.467214453166274	1.35108206874235e-05	0.000296518333857785	"CPLM"	1.965	96	96	0	"HMDB0240459"
"HMDB0000448"	"adipate"	"Group"	"Severe"	0.536585171575557	0.116147671332026	1.3905109868944e-05	0.000303826650636427	"CPLM"	1.99	96	96	0	"HMDB0000448"
"HMDB0004824"	"N2,N2-dimethylguanosine"	"Group"	"Severe"	0.750662920712695	0.163556712662686	1.56094709690775e-05	0.000332748234804237	"CPLM"	1.99	96	96	0	"HMDB0004824"
"HMDB0001043"	"arachidonate (20:4n6)"	"Group"	"Severe"	-0.683821957078397	0.149218051706307	1.60269251851343e-05	0.000338891918027597	"CPLM"	1.99	96	96	0	"HMDB0001043"
"HMDB0000012"	"2-deoxyuridine"	"Group"	"Severe"	-0.811116880448728	0.177139141674101	1.62559892845237e-05	0.00034235505143792	"CPLM"	1.471	96	96	0	"HMDB0000012"
"HMDB0240647"	"docosahexaenoylcholine"	"Group"	"Severe"	-1.65055956174996	0.36363477826117	1.89223606932903e-05	0.000387612732326618	"CPLM"	1.99	96	96	0	"HMDB0240647"
"HMDB0029432"	"S-methylcysteine sulfoxide"	"Group"	"Severe"	-1.12666878675531	0.24843403930354	1.92100576219533e-05	0.000391974872254953	"CPLM"	1.99	96	96	0	"HMDB0029432"
"HMDB0127980"	"4-vinylguaiacol sulfate"	"Group"	"Severe"	-1.67739351471554	0.378373768921253	2.82133617309194e-05	0.000532197370204826	"CPLM"	1.99	96	96	0	"HMDB0127980"
"HMDB0001087"	"5-methylthioribose"	"Group"	"Severe"	0.526331434039224	0.119089588424659	2.96809879278488e-05	0.0005539042729311	"CPLM"	1.427	96	96	0	"HMDB0001087"
"HMDB0000214"	"ornithine"	"Group"	"Severe"	-0.492717290560018	0.112323920648987	3.35804997801657e-05	0.000622247847516568	"CPLM"	1.99	96	96	0	"HMDB0000214"
"HMDB0000305"	"retinol (Vitamin A)"	"Group"	"Severe"	-0.7715360256783	0.175976482473944	3.3864727386033e-05	0.000623110983903006	"CPLM"	1.678	96	96	0	"HMDB0000305"
"HMDB0006750"	"lactosyl-N-palmitoyl-sphingosine (d18:1/16:0)"	"Group"	"Severe"	0.481827755654439	0.110248224699283	3.56664123271584e-05	0.000651688732556163	"CPLM"	1.99	96	96	0	"HMDB0006750"
"HMDB0061652"	"3-hydroxyhexanoate"	"Group"	"Severe"	0.826169963680024	0.191348481656853	4.33738610191123e-05	0.00074574599076795	"CPLM"	1.99	96	96	0	"HMDB0061652"
"HMDB0000259"	"serotonin"	"Group"	"Severe"	-1.06233223756739	0.246652518966364	4.51086778097325e-05	0.000773038909915807	"CPLM"	1.694	96	96	0	"HMDB0000259"
"HMDB0000594"	"gamma-glutamylphenylalanine"	"Group"	"Severe"	0.524689441505831	0.12221973350356	4.74978851690664e-05	0.000806080614325515	"CPLM"	1.99	96	96	0	"HMDB0000594"
"HMDB0061677"	"adipoylcarnitine (C6-DC)"	"Group"	"Severe"	1.14532099033851	0.26803846383051	5.11297919650763e-05	0.000864918158273743	"CPLM"	1.768	96	96	0	"HMDB0061677"
"HMDB0001425"	"estrone 3-sulfate"	"Group"	"Severe"	1.98958926045172	0.4717054697005	6.25595097928175e-05	0.0010246341311411	"CPLM"	1.99	96	96	0	"HMDB0001425"
"HMDB0011737"	"gamma-glutamylglutamate"	"Group"	"Severe"	-1.04281914901872	0.247514781704849	6.36419621741308e-05	0.00103645481255013	"CPLM"	1.727	96	96	0	"HMDB0011737"
"HMDB0094701"	"N-acetylproline"	"Group"	"Severe"	-0.422723191771677	0.100532471159281	6.55999061231297e-05	0.00105523284573525	"CPLM"	1.99	96	96	0	"HMDB0094701"
"HMDB0000300"	"uracil"	"Group"	"Severe"	0.879158250449323	0.211852664286517	8.00827489400685e-05	0.00123515863365212	"CPLM"	1.616	96	96	0	"HMDB0000300"
"HMDB0000387"	"3-hydroxylaurate"	"Group"	"Severe"	0.708189203467412	0.171483589511303	8.61022420332803e-05	0.00130497155266625	"CPLM"	1.99	96	96	0	"HMDB0000387"
"HMDB0000772"	"nonadecanoate (19:0)"	"Group"	"Severe"	-0.446285887518673	0.108431915929897	9.05419163430768e-05	0.00135610559409715	"CPLM"	1.99	96	96	0	"HMDB0000772"
"HMDB0000888"	"undecanedioate (C11-DC)"	"Group"	"Severe"	0.532833102430213	0.129652451397198	9.25544891796753e-05	0.00137868782338271	"CPLM"	1.99	96	96	0	"HMDB0000888"
"HMDB0002183"	"docosahexaenoate (DHA; 22:6n3)"	"Group"	"Severe"	-0.712550186433074	0.173491162104246	9.34155271255282e-05	0.00138381645267308	"CPLM"	1.99	96	96	0	"HMDB0002183"
"HMDB0010169"	"palmitoyl sphingomyelin (d18:1/16:0)"	"Group"	"Severe"	0.275922384713298	0.0676440424500753	0.000103317277867738	0.00150498834760672	"CPLM"	1.99	96	96	0	"HMDB0010169"
"HMDB0012454"	"3beta,7alpha-dihydroxy-5-cholestenoate"	"Group"	"Severe"	-0.610960663796507	0.150162171988516	0.000107218289540136	0.00155748673226724	"CPLM"	1.471	96	96	0	"HMDB0012454"
"HMDB0062721"	"3-ethylphenylsulfate"	"Group"	"Severe"	-2.72478420907747	0.672573825083705	0.000114086251293103	0.00163461284639627	"CPLM"	1.99	96	96	0	"HMDB0062721"
"HMDB0010378"	"mead acid (20:3n9)"	"Group"	"Severe"	-0.804496673583481	0.199546846893344	0.000122358205030335	0.00173417953291643	"CPLM"	1.622	96	96	0	"HMDB0010378"
"HMDB0062549"	"2-hydroxystearate"	"Group"	"Severe"	-0.739187349527905	0.183698630492093	0.000125754360502156	0.00177750907405204	"CPLM"	1.99	96	96	0	"HMDB0062549"
"HMDB0038670"	"S-methylmethionine"	"Group"	"Severe"	-1.99401005567339	0.500830507238187	0.000146177535461681	0.00199105193756118	"CPLM"	1.99	96	96	0	"HMDB0038670"
"HMDB0000653"	"cholesterol sulfate"	"Group"	"Severe"	-0.469121583583522	0.118436263500193	0.000157098537552712	0.00209624613467283	"CPLM"	1.449	96	96	0	"HMDB0000653"
"HMDB0001212"	"hydantoin-5-propionate"	"Group"	"Severe"	1.63125483192665	0.414046158714488	0.000169230475574136	0.00224102175229993	"CPLM"	1.99	96	96	0	"HMDB0001212"
"HMDB0002721"	"N1-methylinosine"	"Group"	"Severe"	1.49340797043056	0.382251639144753	0.000189891501574332	0.00247709212501442	"CPLM"	1.99	96	96	0	"HMDB0002721"
"HMDB0000774"	"pregnenolone sulfate"	"Group"	"Severe"	0.741364528582077	0.191337084115321	0.000212437248011568	0.00271712421603088	"CPLM"	1.662	96	96	0	"HMDB0000774"
"HMDB0000122"	"glucose"	"Group"	"Severe"	0.371276079043491	0.096571321991789	0.000235772160359963	0.00296496213172097	"CPLM"	1.99	96	96	0	"HMDB0000122"
"HMDB0000167"	"threonine"	"Group"	"Severe"	-0.406867268909381	0.10672268096664	0.000263465574867105	0.00324178319294546	"CPLM"	1.99	96	96	0	"HMDB0000167"
"HMDB0061693"	"1-oleoyl-GPI (18:1)"	"Group"	"Severe"	-0.700315209784113	0.184627626357439	0.000281481994146815	0.00342480644386519	"CPLM"	1.99	96	96	0	"HMDB0061693"
"HMDB0010386"	"1-linoleoyl-GPC (18:2)"	"Group"	"Severe"	-0.559516408340332	0.147729944622961	0.00028703203085637	0.0034842499301176	"CPLM"	1.99	96	96	0	"HMDB0010386"
"HMDB0006028"	"N-acetylasparagine"	"Group"	"Severe"	0.395306750680866	0.105048154295464	0.000311934913806718	0.00374321896568062	"CPLM"	1.368	96	96	0	"HMDB0006028"
"HMDB0000872"	"tetradecanedioate (C14)"	"Group"	"Severe"	0.812240906106036	0.216163056646292	0.000317911544738193	0.00378033591974396	"CPLM"	1.99	96	96	0	"HMDB0000872"
"HMDB0062720"	"thymol sulfate"	"Group"	"Severe"	-1.99204881990729	0.533313287783335	0.000342993201168325	0.00401485791724708	"CPLM"	1.99	96	96	0	"HMDB0062720"
"HMDB0000251"	"taurine"	"Group"	"Severe"	-0.41777361279917	0.112866103978389	0.000384534230855639	0.00438369023175429	"CPLM"	1.278	96	96	0	"HMDB0000251"
"HMDB0000168"	"asparagine"	"Group"	"Severe"	-0.313251138813086	0.0847941573030803	0.000394058377782657	0.00448252089607864	"CPLM"	1.99	96	96	0	"HMDB0000168"
"HMDB0240595"	"N-stearoyltaurine"	"Group"	"Severe"	-1.267228924426	0.343113327439482	0.000395296099382507	0.00448643852082786	"CPLM"	1.99	96	96	0	"HMDB0240595"
"HMDB0013034"	"N-palmitoylglycine"	"Group"	"Severe"	-0.624136196664073	0.169155400637586	0.000400132111353063	0.00450932971581423	"CPLM"	1.563	96	96	0	"HMDB0013034"
"HMDB0000754"	"beta-hydroxyisovalerate"	"Group"	"Severe"	0.504046651252071	0.138077305985705	0.00045658190088828	0.00505129849843489	"CPLM"	1.99	96	96	0	"HMDB0000754"
"HMDB0240596"	"oleoylcholine"	"Group"	"Severe"	-0.7140392482318	0.195904005419157	0.000465265046903837	0.00512573509656244	"CPLM"	1.584	96	96	0	"HMDB0240596"
"HMDB0006116"	"3-hydroxyhippurate"	"Group"	"Severe"	-1.73693317463752	0.477977610176375	0.000482574669093504	0.00529418737390446	"CPLM"	1.99	96	96	0	"HMDB0006116"
"HMDB0001015"	"N-formylmethionine"	"Group"	"Severe"	-0.383222939778016	0.10578387499183	0.000501001695616366	0.00545073214068926	"CPLM"	1.788	96	96	0	"HMDB0001015"
"HMDB0000163"	"maltose"	"Group"	"Severe"	1.01993038970684	0.282980634368072	0.000532760368532862	0.00574855014935459	"CPLM"	1.871	96	96	0	"HMDB0000163"
"HMDB0000011"	"3-hydroxybutyrate (BHBA)"	"Group"	"Severe"	1.71692923192373	0.478258317093432	0.00055863146923941	0.0059907227498803	"CPLM"	1.99	96	96	0	"HMDB0000011"
"HMDB0000182"	"lysine"	"Group"	"Severe"	-0.301028011600747	0.0839227354392407	0.000564208802464705	0.00602588790249473	"CPLM"	1.99	96	96	0	"HMDB0000182"
"HMDB0002000"	"myristoleate (14:1n5)"	"Group"	"Severe"	0.776141003554122	0.216486010495568	0.000567561740307118	0.00603710703077186	"CPLM"	1.99	96	96	0	"HMDB0002000"
"HMDB0000308"	"3b-hydroxy-5-cholenoic acid"	"Group"	"Severe"	-1.0847892337924	0.30263821028744	0.000568948014067109	0.00603960199548162	"CPLM"	1.858	96	96	0	"HMDB0000308"
"HMDB0000528"	"dihydroorotate"	"Group"	"Severe"	-0.646477460805343	0.181388119886266	0.000608637590340363	0.00638860009608277	"CPLM"	1.523	96	96	0	"HMDB0000528"
"HMDB0004620"	"N-acetylarginine"	"Group"	"Severe"	-0.420012426114505	0.117894177871334	0.000611525894454227	0.00640088181740113	"CPLM"	1.856	96	96	0	"HMDB0004620"
"HMDB0000177"	"histidine"	"Group"	"Severe"	-0.299943300225425	0.0844108710604684	0.000630470635604048	0.00655989685140402	"CPLM"	1.051	96	96	0	"HMDB0000177"
"HMDB0000672"	"hexadecanedioate (C16)"	"Group"	"Severe"	0.825533442745032	0.233066475984188	0.00065441621496017	0.00674215841110242	"CPLM"	1.99	96	96	0	"HMDB0000672"
"HMDB0000991"	"2-aminooctanoate"	"Group"	"Severe"	-0.876260955569224	0.248077359606776	0.000675931875608785	0.00692302100721185	"CPLM"	1.718	96	96	0	"HMDB0000991"
"HMDB0002522"	"chenodeoxycholic acid sulfate (1)"	"Group"	"Severe"	1.71037783205194	0.487848453107987	0.000736625161022889	0.00738597006578208	"CPLM"	1.99	96	96	0	"HMDB0002522"
"HMDB0000205"	"phenylpyruvate"	"Group"	"Severe"	0.373206228434923	0.106477115475583	0.000738853892691675	0.00739417903296783	"CPLM"	1.244	96	96	0	"HMDB0000205"
"HMDB0000269"	"sphinganine"	"Group"	"Severe"	-1.18537786511664	0.339966257112972	0.000784273512006954	0.00770174212914694	"CPLM"	1.99	96	96	0	"HMDB0000269"
"HMDB0000232"	"quinolinate"	"Group"	"Severe"	1.20038948130919	0.345779582103961	0.000824041205007194	0.00803210423616678	"CPLM"	1.949	96	96	0	"HMDB0000232"
"HMDB0000764"	"3-phenylpropionate (hydrocinnamate)"	"Group"	"Severe"	0.919377232298542	0.264900886926793	0.000826451440750454	0.00804065186511202	"CPLM"	1.99	96	96	0	"HMDB0000764"
"HMDB0000883"	"valine"	"Group"	"Severe"	-0.255014853474751	0.0744723499762711	0.000960129474271107	0.00910473591876615	"CPLM"	1.99	96	96	0	"HMDB0000883"
"HMDB0002273"	"4-hydroxyglutamate"	"Group"	"Severe"	-1.53426791653536	0.456184612934817	0.001167360706768	0.0105727798726967	"CPLM"	1.99	96	96	0	"HMDB0002273"
"HMDB0000755"	"3-(4-hydroxyphenyl)lactate (HPLA)"	"Group"	"Severe"	0.38208737656221	0.113756334526291	0.00118396735179081	0.0106496137097616	"CPLM"	1.99	96	96	0	"HMDB0000755"
"HMDB0000076"	"5,6-dihydrouracil"	"Group"	"Severe"	0.981313978706655	0.29357915883861	0.00124662997932618	0.0110802162908246	"CPLM"	1.864	96	96	0	"HMDB0000076"
"HMDB0000497"	"5,6-dihydrouridine"	"Group"	"Severe"	0.446300155095995	0.133621786110337	0.00125679849746637	0.0111516942820873	"CPLM"	1.99	96	96	0	"HMDB0000497"
"HMDB0240589"	"N-delta-acetylornithine"	"Group"	"Severe"	-1.61617008648849	0.484264783099754	0.00126742552756993	0.0111891910211729	"CPLM"	1.99	96	96	0	"HMDB0240589"
"HMDB0000491"	"3-methyl-2-oxovalerate"	"Group"	"Severe"	-0.539631891491559	0.162939190062173	0.00137384469931852	0.0120274484194095	"CPLM"	1.533	96	96	0	"HMDB0000491"
"HMDB0000695"	"4-methyl-2-oxopentanoate"	"Group"	"Severe"	-0.589866124949392	0.178145327122571	0.00137692085576266	0.0120342882793656	"CPLM"	1.671	96	96	0	"HMDB0000695"
"HMDB0013127"	"(S)-3-hydroxybutyrylcarnitine"	"Group"	"Severe"	1.75086906468369	0.530227747955831	0.00141670867430987	0.0122643416652249	"CPLM"	1.99	96	96	0	"HMDB0013127"
"HMDB0014343"	"oseltamivir"	"Group"	"Severe"	1.88578025473017	0.571105804733575	0.00141727518099281	0.0122643416652249	"CPLM"	1.99	96	96	0	"HMDB0014343"
"HMDB0240592"	"palmitoylcholine"	"Group"	"Severe"	-0.459696644706732	0.139634238128247	0.00146177117438943	0.0124642732333304	"CPLM"	1.99	96	96	0	"HMDB0240592"
"HMDB0010738"	"1-methylxanthine"	"Group"	"Severe"	-1.74714559009796	0.533308790144037	0.00153747309563962	0.0129831061409568	"CPLM"	1.99	96	96	0	"HMDB0010738"
"HMDB0000562"	"creatinine"	"Group"	"Severe"	0.251567825424783	0.0768525502543544	0.00155035723244089	0.0130217727917646	"CPLM"	1.99	96	96	0	"HMDB0000562"
"HMDB0000350"	"3-hydroxysebacate"	"Group"	"Severe"	1.07669002019987	0.329223594518236	0.00156493589505418	0.0130864969111314	"CPLM"	1.974	96	96	0	"HMDB0000350"
"HMDB0000932"	"tauro-beta-muricholate"	"Group"	"Severe"	-2.12702662208815	0.650781547041331	0.00157461958011396	0.0131276710303937	"CPLM"	1.99	96	96	0	"HMDB0000932"
"HMDB0000191"	"aspartate"	"Group"	"Severe"	0.372727330938041	0.114409163211493	0.00162748973938405	0.013472943335196	"CPLM"	1.435	96	96	0	"HMDB0000191"
"HMDB0000446"	"N2-acetyllysine"	"Group"	"Severe"	-0.823545268328232	0.255048031732663	0.00178040474011451	0.0145654328504844	"CPLM"	1.672	96	96	0	"HMDB0000446"
"HMDB0000252"	"sphingosine"	"Group"	"Severe"	-0.850954183039225	0.263668927543981	0.00178938736966284	0.0146161173933208	"CPLM"	1.72	96	96	0	"HMDB0000252"
"HMDB0062551"	"4-ethylphenyl sulfate"	"Group"	"Severe"	-1.89824269959472	0.593823422371679	0.00196763722514224	0.0157557394419278	"CPLM"	1.99	96	96	0	"HMDB0062551"
"HMDB0000731"	"cysteine s-sulfate"	"Group"	"Severe"	0.529046990632175	0.167131255798905	0.00216551210865202	0.0169999184098371	"CPLM"	1.471	96	96	0	"HMDB0000731"
"HMDB0000701"	"hexanoylglycine (C6)"	"Group"	"Severe"	1.05696455749336	0.336086107709866	0.00230579008205096	0.0176144558964037	"CPLM"	1.99	96	96	0	"HMDB0000701"
"HMDB0000631"	"glycodeoxycholate"	"Group"	"Severe"	-1.53774262591818	0.491222639670161	0.00240976348904966	0.0181300652261942	"CPLM"	1.99	96	96	0	"HMDB0000631"
"HMDB0041623"	"N6-carbamoylthreonyladenosine"	"Group"	"Severe"	0.492605010202656	0.157589446111408	0.00244342110609955	0.0183047146862658	"CPLM"	1.882	96	96	0	"HMDB0041623"
"HMDB0000855"	"nicotinamide riboside"	"Group"	"Severe"	0.502423137367166	0.16226845734471	0.0026728187275856	0.0196581506415973	"CPLM"	1.478	96	96	0	"HMDB0000855"
"HMDB0012141"	"2,3-dihydroxyisovalerate"	"Group"	"Severe"	-0.955668806109924	0.309292414513953	0.00272485957784872	0.0199569324388809	"CPLM"	1.99	96	96	0	"HMDB0012141"
"HMDB0000696"	"methionine"	"Group"	"Severe"	-0.315220523756221	0.102582549870676	0.00286797500131475	0.0207690654902977	"CPLM"	1.99	96	96	0	"HMDB0000696"
"HMDB0240294"	"2-O-methylascorbic acid"	"Group"	"Severe"	0.532309899208853	0.173591546960498	0.00292358727019652	0.0210884341745674	"CPLM"	1.99	96	96	0	"HMDB0240294"
"HMDB0000759"	"leucylglycine"	"Group"	"Severe"	-1.19438568084047	0.390756023842337	0.00301116881536459	0.0216148592850169	"CPLM"	1.99	96	96	0	"HMDB0000759"
"HMDB0002931"	"N-acetylserine"	"Group"	"Severe"	0.359473282435133	0.117613570746508	0.00301305532748806	0.0216148592850169	"CPLM"	1.99	96	96	0	"HMDB0002931"
"HMDB0000929"	"tryptophan"	"Group"	"Severe"	-0.247220231098893	0.081651637479987	0.003282031192982	0.0231019752697955	"CPLM"	1.058	96	96	0	"HMDB0000929"
"HMDB0168668"	"methyl-4-hydroxybenzoate sulfate"	"Group"	"Severe"	-1.92650002909059	0.636930825462177	0.00331226074141263	0.0232835058015654	"CPLM"	1.99	96	96	0	"HMDB0168668"
"HMDB0012458"	"7-HOCA"	"Group"	"Severe"	-0.913736143140825	0.304363509546267	0.00354128602299589	0.0245807826687718	"CPLM"	1.891	96	96	0	"HMDB0012458"
"HMDB0010384"	"1-stearoyl-GPC (18:0)"	"Group"	"Severe"	-0.260998285952216	0.0881381817673624	0.00399448717256382	0.0269936736249029	"CPLM"	1.582	96	96	0	"HMDB0010384"
"HMDB0061695"	"1-palmitoyl-GPI* (16:0)"	"Group"	"Severe"	-0.54923725247066	0.186183002388477	0.0041283381992698	0.0276135274451158	"CPLM"	1.99	96	96	0	"HMDB0061695"
"HMDB0029968"	"ethyl beta-glucopyranoside"	"Group"	"Severe"	-1.03834071917637	0.352837980782659	0.00421564520400028	0.0280543698601237	"CPLM"	1.99	96	96	0	"HMDB0029968"
"HMDB0000625"	"gluconate"	"Group"	"Severe"	0.405719294449796	0.138800311004124	0.00446580313908243	0.0292252538858569	"CPLM"	1.99	96	96	0	"HMDB0000625"
"HMDB0011745"	"N-acetylmethionine"	"Group"	"Severe"	-0.740801555057244	0.255271005260662	0.004746602484439	0.0303921653582394	"CPLM"	1.754	96	96	0	"HMDB0011745"
"HMDB0011533"	"2-palmitoylglycerol (16:0)"	"Group"	"Severe"	-0.625847657316534	0.216017233374466	0.0048130703305763	0.0306404317134522	"CPLM"	1.682	96	96	0	"HMDB0011533"
"HMDB0003357"	"N-alpha-acetylornithine"	"Group"	"Severe"	0.354279835694077	0.122340731846107	0.00483211466479557	0.030714677942046	"CPLM"	1.99	96	96	0	"HMDB0003357"
"HMDB0000687"	"leucine"	"Group"	"Severe"	-0.234400569065249	0.0812344524991117	0.00497882773258673	0.031532575639716	"CPLM"	1.821	96	96	0	"HMDB0000687"
"HMDB0000715"	"kynurenate"	"Group"	"Severe"	0.72755571335791	0.254150940166105	0.00531601875533551	0.0333060960011702	"CPLM"	1.99	96	96	0	"HMDB0000715"
"HMDB0007970"	"1-palmitoyl-2-stearoyl-GPC (16:0/18:0)"	"Group"	"Severe"	-0.282936819873247	0.0989097703127894	0.00534868309939689	0.0334707567699729	"CPLM"	1.99	96	96	0	"HMDB0007970"
"HMDB0000209"	"phenylacetate"	"Group"	"Severe"	0.507027825110738	0.177689598920504	0.00545868268067791	0.0340372556212544	"CPLM"	1.99	96	96	0	"HMDB0000209"
"HMDB0000508"	"ribitol"	"Group"	"Severe"	0.234898356633193	0.0823952275473982	0.00549901911329069	0.0342074213880147	"CPLM"	1.99	96	96	0	"HMDB0000508"
"HMDB0000489"	"N-acetylglucosaminylasparagine"	"Group"	"Severe"	-1.13573918178348	0.398503435286528	0.00551259581437123	0.0342512469793397	"CPLM"	1.99	96	96	0	"HMDB0000489"
"HMDB0061643"	"3-carboxy-4-methyl-5-pentyl-2-furanpropionate (3-CMPFP)"	"Group"	"Severe"	-0.840592257737993	0.29911132971706	0.006172239090611	0.0372894260266867	"CPLM"	1.99	96	96	0	"HMDB0061643"
"HMDB0240594"	"N-palmitoyltaurine"	"Group"	"Severe"	-0.718048307277626	0.256245993701305	0.00631564454269523	0.0378505599793072	"CPLM"	1.758	96	96	0	"HMDB0240594"
"HMDB0007972"	"1-palmitoyl-2-oleoyl-GPC (16:0/18:1)"	"Group"	"Severe"	0.219222733204571	0.0784687333359069	0.00646773609863182	0.0384544309537701	"CPLM"	1.99	96	96	0	"HMDB0007972"
"HMDB0000050"	"adenosine"	"Group"	"Severe"	0.463138430052316	0.16677205286649	0.00677889127220376	0.0399870706765315	"CPLM"	1.471	96	96	0	"HMDB0000050"
"HMDB0000539"	"arabonate/xylonate"	"Group"	"Severe"	0.392375278613888	0.141426204785329	0.00682969813304472	0.040159401545832	"CPLM"	1.99	96	96	0	"HMDB0000539"
"HMDB0035227"	"tartronate (hydroxymalonate)"	"Group"	"Severe"	-0.482473874541883	0.174773983715633	0.00710033183721608	0.0413712668381791	"CPLM"	1.494	96	96	0	"HMDB0035227"
"HMDB0003331"	"1-methyladenosine"	"Group"	"Severe"	0.284813747156904	0.103479256258302	0.00726471589926989	0.0421323105470026	"CPLM"	1.99	96	96	0	"HMDB0003331"
"HMDB0240652"	"3-hydroxypyridine sulfate"	"Group"	"Severe"	-1.70403708601601	0.620491860864617	0.00738964554983916	0.0427199423956905	"CPLM"	1.99	96	96	0	"HMDB0240652"
"HMDB0002201"	"carboxyethyl-GABA"	"Group"	"Severe"	0.262898094825029	0.0960687386254314	0.00759223664812984	0.0436075454356987	"CPLM"	1.99	96	96	0	"HMDB0002201"
"HMDB0000688"	"isovalerylcarnitine (C5)"	"Group"	"Severe"	0.461276779462574	0.170864571066931	0.00840954749623083	0.0470647460728223	"CPLM"	1.616	96	96	0	"HMDB0000688"
"HMDB0000019"	"3-methyl-2-oxobutyrate"	"Group"	"Severe"	-0.555021081266642	0.206536059105691	0.00870119466581675	0.0483684551767867	"CPLM"	1.633	96	96	0	"HMDB0000019"
"HMDB0011564"	"1-palmitoylglycerol (16:0)"	"Group"	"Severe"	-0.493019541013734	0.183635657505772	0.00876153618678921	0.0485681773398759	"CPLM"	1.99	96	96	0	"HMDB0011564"
"HMDB0013816"	"2,4-di-tert-butylphenol"	"Group"	"Severe"	-0.192366852158999	0.0718258265028581	0.00892004307136072	0.0492905225144527	"CPLM"	1.99	96	96	0	"HMDB0013816"
"HMDB0013220"	"beta-citrylglutamate"	"Group"	"Severe"	-0.873665918822214	0.329320762476598	0.00955933925566184	0.0518935559593071	"CPLM"	1.871	96	96	0	"HMDB0013220"
"HMDB0000529"	"5-dodecenoate (12:1n7)"	"Group"	"Severe"	0.581392929061976	0.220268423766792	0.00991599495219839	0.0532781532062791	"CPLM"	1.841	96	96	0	"HMDB0000529"
"HMDB0000211"	"myo-inositol"	"Group"	"Severe"	0.316522697070023	0.120457053640841	0.0102384161195408	0.0543974205986546	"CPLM"	1.99	96	96	0	"HMDB0000211"
"HMDB0061656"	"3-hydroxymyristate"	"Group"	"Severe"	0.361588693973445	0.138336826586717	0.0106292387674167	0.0558380417663145	"CPLM"	1.99	96	96	0	"HMDB0061656"
"HMDB0034367"	"gamma-glutamylmethionine"	"Group"	"Severe"	-0.454806428442637	0.176762964721233	0.0118617578578026	0.0605677295095588	"CPLM"	1.654	96	96	0	"HMDB0034367"
"HMDB0000292"	"xanthine"	"Group"	"Severe"	0.288333328498972	0.112094257134433	0.0118850217642567	0.0606274845639707	"CPLM"	1.99	96	96	0	"HMDB0000292"
"HMDB0001434"	"3-methoxytyrosine"	"Group"	"Severe"	0.40622418709767	0.15802559126011	0.0119364541763068	0.0607716171850029	"CPLM"	1.523	96	96	0	"HMDB0001434"
"HMDB0000854"	"formiminoglutamate"	"Group"	"Severe"	1.31469216864377	0.511956154043189	0.0120210002612311	0.0611230486700134	"CPLM"	1.99	96	96	0	"HMDB0000854"
"HMDB0000512"	"N-acetylphenylalanine"	"Group"	"Severe"	0.294678255108782	0.116412339276734	0.0132494089599688	0.0658577256740059	"CPLM"	1.99	96	96	0	"HMDB0000512"
"HMDB0001123"	"anthranilate"	"Group"	"Severe"	0.640754074553559	0.254284632690323	0.0136576192293227	0.067226333964993	"CPLM"	1.99	96	96	0	"HMDB0001123"
"HMDB0000201"	"acetylcarnitine (C2)"	"Group"	"Severe"	1.03454490609989	0.412357415901313	0.0140576553147026	0.0688313207005607	"CPLM"	1.99	96	96	0	"HMDB0000201"
"HMDB0000271"	"sarcosine"	"Group"	"Severe"	-0.482407291757115	0.192688609039016	0.0142544257417037	0.0696646864766955	"CPLM"	1.99	96	96	0	"HMDB0000271"
"HMDB0000532"	"N-acetylglycine"	"Group"	"Severe"	0.318445834439243	0.12759828771531	0.0145513491103071	0.070851694275256	"CPLM"	1.99	96	96	0	"HMDB0000532"
"HMDB0013713"	"N-acetyltryptophan"	"Group"	"Severe"	-0.312856271828128	0.125957325543688	0.0150095105807042	0.0726776301802517	"CPLM"	1.99	96	96	0	"HMDB0013713"
"HMDB0011503"	"1-palmitoyl-GPE (16:0)"	"Group"	"Severe"	0.279260185536846	0.112668010587765	0.0152150371265152	0.0734319072399386	"CPLM"	1.99	96	96	0	"HMDB0011503"
"HMDB0000230"	"N-acetylneuraminate"	"Group"	"Severe"	0.354890176917073	0.143548127903418	0.0154681488946988	0.0743077834167335	"CPLM"	1.99	96	96	0	"HMDB0000230"
"HMDB0000407"	"alpha-hydroxyisovalerate"	"Group"	"Severe"	-0.476466956254886	0.19458789944429	0.0164474482111701	0.0781253790030582	"CPLM"	1.99	96	96	0	"HMDB0000407"
"HMDB0000792"	"sebacate (C10-DC)"	"Group"	"Severe"	0.687369515148873	0.281561032721435	0.0167609751507396	0.0790418648295669	"CPLM"	1.99	96	96	0	"HMDB0000792"
"HMDB0000176"	"maleate"	"Group"	"Severe"	0.295451473969722	0.121642972951969	0.0173064746135406	0.0809591015819865	"CPLM"	1.511	96	96	0	"HMDB0000176"
"HMDB0000666"	"heptanoate (7:0)"	"Group"	"Severe"	-0.190446298451447	0.0785137947666299	0.0174493436444709	0.0812499150779326	"CPLM"	1.94	96	96	0	"HMDB0000666"
"HMDB0003869"	"gamma-glutamyl-epsilon-lysine"	"Group"	"Severe"	-0.241976050127535	0.0998157751351123	0.0175128397502862	0.0813439607178925	"CPLM"	1.99	96	96	0	"HMDB0003869"
"HMDB0000714"	"hippurate"	"Group"	"Severe"	-0.950326996656404	0.39426339912062	0.0181450002555533	0.0828132126545878	"CPLM"	1.99	96	96	0	"HMDB0000714"
"HMDB0011635"	"p-cresol sulfate"	"Group"	"Severe"	-0.956816004654693	0.397948222379801	0.0184259225383731	0.0835861053557342	"CPLM"	1.99	96	96	0	"HMDB0011635"
"HMDB0000190"	"lactate"	"Group"	"Severe"	-0.264119778432834	0.109899720453731	0.018477415822666	0.083747250280087	"CPLM"	1.99	96	96	0	"HMDB0000190"
"HMDB0000856"	"N-acetylcitrulline"	"Group"	"Severe"	-1.19383018221323	0.496982990241348	0.0185305255800011	0.0839154370824921	"CPLM"	1.99	96	96	0	"HMDB0000856"
"HMDB0011749"	"2-piperidinone"	"Group"	"Severe"	-0.814896367493856	0.339476029061104	0.0186111331388072	0.084207749939521	"CPLM"	1.99	96	96	0	"HMDB0011749"
"HMDB0029159"	"gamma-glutamylthreonine"	"Group"	"Severe"	-0.286586373235534	0.120913680560525	0.0200986500688102	0.0892252419874397	"CPLM"	1.99	96	96	0	"HMDB0029159"
"HMDB0000097"	"choline"	"Group"	"Severe"	-0.162000745779535	0.0685606795600539	0.0204722897272432	0.0905199724533416	"CPLM"	1.99	96	96	0	"HMDB0000097"
"HMDB0000131"	"glycerol"	"Group"	"Severe"	0.270371760899112	0.11462666241134	0.020688465396127	0.0911048031038833	"CPLM"	1.99	96	96	0	"HMDB0000131"
"HMDB0062544"	"16a-hydroxy DHEA 3-sulfate"	"Group"	"Severe"	0.571525578391177	0.243514461965429	0.0213080852561953	0.0930388002360433	"CPLM"	1.739	96	96	0	"HMDB0062544"
"HMDB0000827"	"stearate (18:0)"	"Group"	"Severe"	-0.162537525778919	0.0696252104917954	0.0219879106936315	0.0955790653663967	"CPLM"	1.99	96	96	0	"HMDB0000827"
"HMDB0028854"	"glycylvaline"	"Group"	"Severe"	-0.552740853330634	0.236952833393542	0.02208494184689	0.0958720488783869	"CPLM"	1.674	96	96	0	"HMDB0028854"
"HMDB0000123"	"glycine"	"Group"	"Severe"	-0.185924152389864	0.0800675906899055	0.0226783419597663	0.0974902202446286	"CPLM"	1.99	96	96	0	"HMDB0000123"
"HMDB0003219"	"sedoheptulose"	"Group"	"Severe"	0.678407542231109	0.294362997050938	0.0236832475643697	0.10105366169858	"CPLM"	1.832	96	96	0	"HMDB0003219"
"HMDB0029151"	"gamma-glutamylhistidine"	"Group"	"Severe"	-0.223948029490249	0.0978904334793349	0.0246964376026018	0.104270142988997	"CPLM"	1.493	96	96	0	"HMDB0029151"
"HMDB0000070"	"pipecolate"	"Group"	"Severe"	-0.594464720762345	0.261264971201333	0.0254635557056084	0.107059500755914	"CPLM"	1.808	96	96	0	"HMDB0000070"
"HMDB0240663"	"3-methyl catechol sulfate (1)"	"Group"	"Severe"	-1.44599060726872	0.636448994502489	0.0256752536771827	0.107626722848238	"CPLM"	1.99	96	96	0	"HMDB0240663"
"HMDB0001085"	"leukotriene B4"	"Group"	"Severe"	0.514355594458747	0.22649703087446	0.0257416501516479	0.107774460642574	"CPLM"	1.745	96	96	0	"HMDB0001085"
"HMDB0240253"	"N-acetyltaurine"	"Group"	"Severe"	-0.314207623192985	0.138371243697378	0.0257516016752756	0.107774460642574	"CPLM"	1.99	96	96	0	"HMDB0240253"
"HMDB0011103"	"1,7-dimethylurate"	"Group"	"Severe"	-1.39671273113998	0.617496764843389	0.0263178714025082	0.109775093160446	"CPLM"	1.99	96	96	0	"HMDB0011103"
"HMDB0000424"	"2-hydroxysebacate"	"Group"	"Severe"	0.377327913004731	0.167155083832088	0.0266123137756615	0.110599275719263	"CPLM"	1.99	96	96	0	"HMDB0000424"
"HMDB0000522"	"3-methylglutaconate"	"Group"	"Severe"	0.397031140269525	0.175879378262438	0.0266088248547007	0.110599275719263	"CPLM"	1.99	96	96	0	"HMDB0000522"
"HMDB0062121"	"dihydroferulate"	"Group"	"Severe"	-0.622485076047897	0.276042767611338	0.0267638757048209	0.11094843019453	"CPLM"	1.732	96	96	0	"HMDB0062121"
"HMDB0061684"	"N-acetylisoleucine"	"Group"	"Severe"	-0.304593996408266	0.137050007991157	0.0289692097421376	0.118405717761317	"CPLM"	1.99	96	96	0	"HMDB0061684"
"HMDB0000207"	"oleate/vaccenate (18:1)"	"Group"	"Severe"	0.387889516491969	0.175557385338172	0.0298962096319807	0.12078252951472	"CPLM"	1.99	96	96	0	"HMDB0000207"
"HMDB0002039"	"2-pyrrolidinone"	"Group"	"Severe"	-0.274523825758097	0.124586339016797	0.0303311764876156	0.121951395530811	"CPLM"	1.489	96	96	0	"HMDB0002039"
"HMDB0032055"	"N-acetylhistidine"	"Group"	"Severe"	-0.57462360218171	0.262149779657535	0.0311827361148044	0.123974426221406	"CPLM"	1.639	96	96	0	"HMDB0032055"
"HMDB0000248"	"thyroxine"	"Group"	"Severe"	-0.255762899494133	0.116772733266185	0.031310544307908	0.124361794151905	"CPLM"	1.023	96	96	0	"HMDB0000248"
"HMDB0013676"	"2,6-dihydroxybenzoic acid"	"Group"	"Severe"	-0.522205877026357	0.238864300941559	0.031616730980193	0.125199476337314	"CPLM"	1.784	96	96	0	"HMDB0013676"
"HMDB0011561"	"1-myristoylglycerol (14:0)"	"Group"	"Severe"	-0.742789189337007	0.340142418220355	0.0318023282505251	0.125512995829376	"CPLM"	1.806	96	96	0	"HMDB0011561"
"HMDB0000222"	"palmitoylcarnitine (C16)"	"Group"	"Severe"	0.288359225262572	0.132052516626615	0.0318090715974905	0.125512995829376	"CPLM"	1.99	96	96	0	"HMDB0000222"
"HMDB0000323"	"3-amino-2-piperidone"	"Group"	"Severe"	-0.309677704784528	0.142683160803056	0.0328348462884396	0.127782965322746	"CPLM"	1.99	96	96	0	"HMDB0000323"
"HMDB0002917"	"arabitol/xylitol"	"Group"	"Severe"	-0.625944675416832	0.289076794488943	0.0332334229267006	0.128617025703039	"CPLM"	1.99	96	96	0	"HMDB0002917"
"HMDB0000078"	"cys-gly, oxidized"	"Group"	"Severe"	-0.902719765073517	0.419669922795859	0.0343817665278834	0.131508376128534	"CPLM"	1.99	96	96	0	"HMDB0000078"
"HMDB0094650"	"5alpha-pregnan-3beta,20alpha-diol disulfate"	"Group"	"Severe"	0.611508414739144	0.284583987491873	0.0345649977679884	0.131920559166908	"CPLM"	1.99	96	96	0	"HMDB0094650"
"HMDB0002994"	"erythritol"	"Group"	"Severe"	0.508727109259028	0.239088899045781	0.036322510530697	0.136524546255983	"CPLM"	1.99	96	96	0	"HMDB0002994"
"HMDB0001276"	"N(1)-acetylspermidine"	"Group"	"Severe"	0.543608435359577	0.256582863368166	0.0371099954974734	0.13869400091993	"CPLM"	1.879	96	96	0	"HMDB0001276"
"HMDB0001886"	"3-methylxanthine"	"Group"	"Severe"	-1.42462635542554	0.673279925961569	0.0373455182375163	0.139090836390295	"CPLM"	1.99	96	96	0	"HMDB0001886"
"HMDB0003464"	"4-guanidinobutanoate"	"Group"	"Severe"	0.296835405689259	0.140271468428625	0.0373280086081358	0.139090836390295	"CPLM"	1.83	96	96	0	"HMDB0003464"
"HMDB0061116"	"2-aminophenol sulfate"	"Group"	"Severe"	-0.992698933534774	0.469918259487659	0.0376492659851913	0.139627122225137	"CPLM"	1.99	96	96	0	"HMDB0061116"
"HMDB0000767"	"pseudouridine"	"Group"	"Severe"	0.252271507357575	0.119694166470557	0.0380798180805445	0.140528195646992	"CPLM"	1.99	96	96	0	"HMDB0000767"
"HMDB0240628"	"1-carboxyethylphenylalanine"	"Group"	"Severe"	0.316682850188131	0.151066500386305	0.0390994983042689	0.143182799656136	"CPLM"	1.99	96	96	0	"HMDB0240628"
"HMDB0011134"	"5-HETE"	"Group"	"Severe"	-0.358913928216414	0.171555765123796	0.039483962634367	0.144204754349778	"CPLM"	1.562	96	96	0	"HMDB0011134"
"HMDB0000720"	"levulinate (4-oxovalerate)"	"Group"	"Severe"	0.382062836065258	0.182747092937451	0.0396172009704878	0.144232594347408	"CPLM"	1.554	96	96	0	"HMDB0000720"
"HMDB0001301"	"S-1-pyrroline-5-carboxylate"	"Group"	"Severe"	-0.202921600513747	0.0975249733020643	0.0405433552540745	0.14672833330046	"CPLM"	1.611	96	96	0	"HMDB0001301"
"HMDB0062557"	"N-acetylthreonine"	"Group"	"Severe"	0.238593942051243	0.115285417778814	0.0416005347081209	0.149317730328122	"CPLM"	1.99	96	96	0	"HMDB0062557"
"HMDB0013240"	"indoleacetylglutamine"	"Group"	"Severe"	0.972026515942387	0.469753061143941	0.0416356048955138	0.149341389926179	"CPLM"	1.99	96	96	0	"HMDB0013240"
"HMDB0031057"	"2-hydroxypalmitate"	"Group"	"Severe"	-0.353289265800295	0.171504380325345	0.0425370969555958	0.15153840790431	"CPLM"	1.99	96	96	0	"HMDB0031057"
"HMDB0011667"	"gamma-glutamylglycine"	"Group"	"Severe"	-0.319664276280108	0.155207569979402	0.0425715069844387	0.151548640862785	"CPLM"	1.99	96	96	0	"HMDB0011667"
"HMDB0002212"	"arachidate (20:0)"	"Group"	"Severe"	-0.557111095293861	0.270806035392667	0.0428033620908316	0.152073733607263	"CPLM"	1.755	96	96	0	"HMDB0002212"
"HMDB0059586"	"perfluorooctanesulfonate (PFOS)"	"Group"	"Severe"	-0.531021000111761	0.258426207959236	0.0430409954488248	0.152401742156406	"CPLM"	1.99	96	96	0	"HMDB0059586"
"HMDB0004089"	"N-formylanthranilic acid"	"Group"	"Severe"	0.650566237459973	0.318965195546187	0.0445694672220983	0.15602288792569	"CPLM"	1.99	96	96	0	"HMDB0004089"
"HMDB0000127"	"glucuronate"	"Group"	"Severe"	0.519632703068157	0.256549789998257	0.0460329030335921	0.159759459634783	"CPLM"	1.99	96	96	0	"HMDB0000127"
"HMDB0032574"	"propyl 4-hydroxybenzoate"	"Group"	"Severe"	-0.83464207538508	0.412687013101863	0.0463492079524764	0.160220993080281	"CPLM"	1.99	96	96	0	"HMDB0032574"
"HMDB0000071"	"2-deoxyinosine"	"Group"	"Severe"	0.843923258208088	0.419001254051337	0.0472347302649796	0.162425524924297	"CPLM"	1.99	96	96	0	"HMDB0000071"
"HMDB0000897"	"7-methylguanine"	"Group"	"Severe"	0.211692737646992	0.105973558884274	0.0490356415343103	0.166867556266011	"CPLM"	1.99	96	96	0	"HMDB0000897"
"HMDB0000479"	"3-methylhistidine"	"Group"	"Severe"	-0.951894508950889	0.478180740587544	0.049809134776238	0.168951554182789	"CPLM"	1.99	96	96	0	"HMDB0000479"
"HMDB0000651"	"decanoylcarnitine (C10)"	"Group"	"Severe"	0.439214356368979	0.220729630581517	0.0499021831086903	0.169157755799594	"CPLM"	1.99	96	96	0	"HMDB0000651"
"HMDB0000622"	"ethylmalonate"	"Group"	"Severe"	0.51264612680192	0.257785410962791	0.0500343647859846	0.169386835983023	"CPLM"	1.99	96	96	0	"HMDB0000622"
"HMDB0006294"	"16-hydroxypalmitate"	"Group"	"Severe"	0.213069953636984	0.107430853759121	0.0506379918210484	0.17103243598308	"CPLM"	1.99	96	96	0	"HMDB0006294"
"HMDB0000801"	"phytanate"	"Group"	"Severe"	-0.645699405755008	0.325640424741961	0.0506905429599475	0.171056117942062	"CPLM"	1.99	96	96	0	"HMDB0000801"
"HMDB0000913"	"vanillactate"	"Group"	"Severe"	0.806435329292056	0.410023946920051	0.0525476490649984	0.17562084998908	"CPLM"	1.99	96	96	0	"HMDB0000913"
"HMDB0002829"	"androsterone glucuronide"	"Group"	"Severe"	-0.606246416875933	0.310545273732072	0.0542860160341139	0.178592138069569	"CPLM"	1.757	96	96	0	"HMDB0002829"
"HMDB0012881"	"N-acetylcarnosine"	"Group"	"Severe"	0.354818478903707	0.182244385959753	0.0549243745805356	0.179902198813447	"CPLM"	1.616	96	96	0	"HMDB0012881"
"HMDB0000450"	"5-hydroxylysine"	"Group"	"Severe"	-0.545692807106397	0.285461472091734	0.0593763856752976	0.189486914954094	"CPLM"	1.99	96	96	0	"HMDB0000450"
"HMDB0000791"	"octanoylcarnitine (C8)"	"Group"	"Severe"	0.383374024795946	0.20116208887018	0.0601384211312527	0.190668609680949	"CPLM"	1.99	96	96	0	"HMDB0000791"
"HMDB0008928"	"1-palmitoyl-2-linoleoyl-GPE (16:0/18:2)"	"Group"	"Severe"	0.312350785260072	0.164467589045431	0.0610170581595415	0.192523136575593	"CPLM"	1.99	96	96	0	"HMDB0008928"
"HMDB0000840"	"salicylate"	"Group"	"Severe"	0.276911074084923	0.146081754644203	0.0614948486870345	0.193216888265314	"CPLM"	1.99	96	96	0	"HMDB0000840"
"HMDB0060649"	"ascorbic acid 2-sulfate"	"Group"	"Severe"	-0.305542848194378	0.161493409851878	0.0619802348986582	0.194392554909428	"CPLM"	1.99	96	96	0	"HMDB0060649"
"HMDB0000208"	"alpha-ketoglutarate"	"Group"	"Severe"	-0.618402105997014	0.328653881767683	0.0633929007248876	0.197068391426319	"CPLM"	1.99	96	96	0	"HMDB0000208"
"HMDB0002100"	"palmitoyl ethanolamide"	"Group"	"Severe"	-0.241888222113409	0.129320334029712	0.0649450077666168	0.200572214798668	"CPLM"	1.99	96	96	0	"HMDB0002100"
"HMDB0005066"	"myristoylcarnitine (C14)"	"Group"	"Severe"	0.421690617607317	0.225615058781308	0.0651399925065438	0.200908961712203	"CPLM"	1.737	96	96	0	"HMDB0005066"
"HMDB0240579"	"5alpha-pregnan-3beta,20beta-diol monosulfate (1)"	"Group"	"Severe"	0.559528839523201	0.300695090182903	0.0663155872201074	0.203486798936362	"CPLM"	1.958	96	96	0	"HMDB0240579"
"HMDB0000052"	"argininosuccinate"	"Group"	"Severe"	-0.5391271978443	0.289908675494902	0.0664786770314592	0.203748791556383	"CPLM"	1.744	96	96	0	"HMDB0000052"
"HMDB0000881"	"xanthurenate"	"Group"	"Severe"	1.4431773051606	0.780459758528928	0.0679980303650099	0.206557358079162	"CPLM"	1.99	96	96	0	"HMDB0000881"
"HMDB0240651"	"6-hydroxyindole sulfate"	"Group"	"Severe"	-0.53386575780216	0.302104631943043	0.0808780268696004	0.230002371423093	"CPLM"	1.825	96	96	0	"HMDB0240651"
"HMDB0000826"	"pentadecanoate (15:0)"	"Group"	"Severe"	-0.187514806535252	0.10629836463497	0.0814043744482911	0.23074839978748	"CPLM"	1.99	96	96	0	"HMDB0000826"
"HMDB0005081"	"5-HEPE"	"Group"	"Severe"	-0.715437536122533	0.40618972081545	0.0818638581487931	0.231550200718593	"CPLM"	1.99	96	96	0	"HMDB0005081"
"HMDB0002759"	"androsterone sulfate"	"Group"	"Severe"	0.359908241109615	0.206553279156254	0.0851341454078244	0.238739817389642	"CPLM"	1.577	96	96	0	"HMDB0002759"
"HMDB0000893"	"suberate (C8-DC)"	"Group"	"Severe"	0.291167536616112	0.167143622475061	0.0852093720583543	0.238797979698741	"CPLM"	1.99	96	96	0	"HMDB0000893"
"HMDB0000736"	"isobutyrylcarnitine (C4)"	"Group"	"Severe"	0.507002430719443	0.291971618029065	0.0861895605412518	0.240413859296981	"CPLM"	1.99	96	96	0	"HMDB0000736"
"HMDB0000898"	"1-methylhistamine"	"Group"	"Severe"	-1.16237644921158	0.671456357519725	0.0871448548336341	0.242154393321731	"CPLM"	1.99	96	96	0	"HMDB0000898"
"HMDB0007973"	"1-palmitoyl-2-linoleoyl-GPC (16:0/18:2)"	"Group"	"Severe"	0.111105972395253	0.0644596857314216	0.0884941734831231	0.244235447773138	"CPLM"	1.99	96	96	0	"HMDB0007973"
"HMDB0003229"	"palmitoleate (16:1n7)"	"Group"	"Severe"	0.361677879133657	0.209841455500594	0.0885075540923568	0.244235447773138	"CPLM"	1.99	96	96	0	"HMDB0003229"
"HMDB0000299"	"xanthosine"	"Group"	"Severe"	0.709034759602559	0.413460858744901	0.0900992217126294	0.246983961662848	"CPLM"	1.99	96	96	0	"HMDB0000299"
"HMDB0001325"	"N6,N6,N6-trimethyllysine"	"Group"	"Severe"	-0.300747021584191	0.176979064209908	0.0930010008684066	0.251909735823308	"CPLM"	1.99	96	96	0	"HMDB0001325"
"HMDB0011578"	"1-arachidonylglycerol (20:4)"	"Group"	"Severe"	-0.357528760152885	0.211447139292172	0.0946145486684687	0.255511682491698	"CPLM"	1.604	96	96	0	"HMDB0011578"
"HMDB0009003"	"1-stearoyl-2-arachidonoyl-GPE (18:0/20:4)"	"Group"	"Severe"	0.251195680812959	0.149029310184321	0.0956396307159745	0.25759333511791	"CPLM"	1.99	96	96	0	"HMDB0009003"
"HMDB0005065"	"oleoylcarnitine (C18:1)"	"Group"	"Severe"	0.232996125146904	0.138529069687	0.0963414782498693	0.25881901226553	"CPLM"	1.99	96	96	0	"HMDB0005065"
"HMDB0011756"	"N-acetylleucine"	"Group"	"Severe"	-0.164724631642597	0.0985531525945025	0.0984033015160568	0.263010659097962	"CPLM"	1.99	96	96	0	"HMDB0011756"
"HMDB0000094"	"citrate"	"Group"	"Severe"	-0.490815429899821	0.293760819845679	0.0985281124404901	0.263148022585603	"CPLM"	1.99	96	96	0	"HMDB0000094"
"HMDB0000378"	"2-methylbutyrylcarnitine (C5)"	"Group"	"Severe"	0.371363373901828	0.223108996802717	0.0997849011400616	0.26508207780065	"CPLM"	1.652	96	96	0	"HMDB0000378"
"HMDB0001388"	"linolenate (18:3n3 or 3n6)"	"Group"	"Severe"	0.353887040261269	0.213371680671342	0.100981684554877	0.267313454722754	"CPLM"	1.99	96	96	0	"HMDB0001388"
"HMDB0002366"	"tiglyl carnitine (C5)"	"Group"	"Severe"	0.327666836275705	0.19848561827569	0.102551572891219	0.269564134456918	"CPLM"	1.626	96	96	0	"HMDB0002366"
"HMDB0000766"	"N-acetylalanine"	"Group"	"Severe"	0.139112492858969	0.0846362159970437	0.104031070038472	0.271987633533246	"CPLM"	1.99	96	96	0	"HMDB0000766"
"HMDB0000034"	"adenine"	"Group"	"Severe"	0.347940632717403	0.213772427584652	0.10739561504556	0.277928497894097	"CPLM"	1.701	96	96	0	"HMDB0000034"
"HMDB0240296"	"C-glycosyltryptophan"	"Group"	"Severe"	-0.204073376677128	0.126024647833762	0.109173654764871	0.28036564426395	"CPLM"	1.99	96	96	0	"HMDB0240296"
"HMDB0000689"	"isocaproate (i6:0)"	"Group"	"Severe"	-0.47298072298027	0.293243258567335	0.110555815459019	0.28253152839527	"CPLM"	1.819	96	96	0	"HMDB0000689"
"HMDB0000965"	"hypotaurine"	"Group"	"Severe"	-0.389043283830257	0.243658167792426	0.114138424296972	0.288871571917626	"CPLM"	1.685	96	96	0	"HMDB0000965"
"HMDB0002757"	"3-sulfo-L-alanine"	"Group"	"Severe"	0.207499247280962	0.130078145617029	0.114470883271504	0.289294126205188	"CPLM"	1.035	96	96	0	"HMDB0002757"
"HMDB0000669"	"2-hydroxyphenylacetate"	"Group"	"Severe"	0.424795659152999	0.267354464870099	0.115888456179977	0.291511428235548	"CPLM"	1.752	96	96	0	"HMDB0000669"
"HMDB0002259"	"margarate (17:0)"	"Group"	"Severe"	-0.167634657617602	0.107886317581993	0.124035125758901	0.304497981187722	"CPLM"	1.99	96	96	0	"HMDB0002259"
"HMDB0010351"	"11beta-hydroxyandrosterone glucuronide"	"Group"	"Severe"	0.415263178774352	0.267977683868608	0.125037908777973	0.305972372203309	"CPLM"	1.762	96	96	0	"HMDB0010351"
"HMDB0041721"	"dihydrocaffeate sulfate (2)"	"Group"	"Severe"	-0.983258691904145	0.638787075473971	0.127544994622406	0.309826046942092	"CPLM"	1.99	96	96	0	"HMDB0041721"
"HMDB0000665"	"alpha-hydroxycaproate"	"Group"	"Severe"	-0.496078432471983	0.324362889100476	0.129969376363658	0.314662700669909	"CPLM"	1.849	96	96	0	"HMDB0000665"
"HMDB0062782"	"pregnanolone/allopregnanolone sulfate"	"Group"	"Severe"	0.705356385787154	0.466826598220189	0.134596613741674	0.323031872980018	"CPLM"	1.99	96	96	0	"HMDB0062782"
"HMDB0240347"	"N6-carboxymethyllysine"	"Group"	"Severe"	-0.220362368958054	0.145995645619893	0.135000175767542	0.323852205729639	"CPLM"	1.515	96	96	0	"HMDB0240347"
"HMDB0000402"	"2-isopropylmalate"	"Group"	"Severe"	-0.35800516137922	0.237950214770411	0.13623885347848	0.325039375632916	"CPLM"	1.915	96	96	0	"HMDB0000402"
"HMDB0003518"	"2-methylcitrate/homocitrate"	"Group"	"Severe"	0.244800156981597	0.163655612127242	0.138492078694777	0.328323897231198	"CPLM"	1.603	96	96	0	"HMDB0003518"
"HMDB0000907"	"lithocholate sulfate (1)"	"Group"	"Severe"	-1.08207964637703	0.72400127882544	0.138815760011614	0.328847454719636	"CPLM"	1.99	96	96	0	"HMDB0000907"
"HMDB0000477"	"hexadecadienoate (16:2n6)"	"Group"	"Severe"	0.266622656726338	0.179276737872167	0.140747842924091	0.331871262722092	"CPLM"	1.99	96	96	0	"HMDB0000477"
"HMDB0000157"	"hypoxanthine"	"Group"	"Severe"	0.358463839901298	0.243213505199417	0.144300719963024	0.337065913356836	"CPLM"	1.99	96	96	0	"HMDB0000157"
"HMDB0240607"	"glycohyocholate"	"Group"	"Severe"	-0.581773356584471	0.397765942706536	0.147352659151722	0.341306247611145	"CPLM"	1.99	96	96	0	"HMDB0240607"
"HMDB0002013"	"butyrylcarnitine (C4)"	"Group"	"Severe"	0.447438700078611	0.306945506597226	0.148692860552356	0.343066471498852	"CPLM"	1.811	96	96	0	"HMDB0002013"
"HMDB0062715"	"N-acetyl-2-aminoadipate"	"Group"	"Severe"	0.475324737093514	0.326460034728671	0.149165854916752	0.343533484050701	"CPLM"	1.99	96	96	0	"HMDB0062715"
"HMDB0000355"	"3-hydroxy-3-methylglutarate"	"Group"	"Severe"	0.258924859266294	0.17884680790322	0.151454778342092	0.346976346712944	"CPLM"	1.99	96	96	0	"HMDB0000355"
"HMDB0002243"	"picolinate"	"Group"	"Severe"	0.599090113354156	0.41427615476303	0.151911236625259	0.347345062912767	"CPLM"	1.99	96	96	0	"HMDB0002243"
"HMDB0000158"	"tyrosine"	"Group"	"Severe"	0.149286196007994	0.103275643682544	0.1520793791853	0.347345062912767	"CPLM"	1.99	96	96	0	"HMDB0000158"
"HMDB0000847"	"pelargonate (9:0)"	"Group"	"Severe"	0.113939777829187	0.078891287457666	0.152429380844963	0.347359825188984	"CPLM"	1.489	96	96	0	"HMDB0000847"
"HMDB0000812"	"N-acetylaspartate (NAA)"	"Group"	"Severe"	0.201840170035464	0.13985854979614	0.15273519760937	0.347782621043654	"CPLM"	1.99	96	96	0	"HMDB0000812"
"HMDB0061714"	"docosadienoate (22:2n6)"	"Group"	"Severe"	-0.305923405120455	0.212831619090565	0.154364767019622	0.350276433687104	"CPLM"	1.99	96	96	0	"HMDB0061714"
"HMDB0033844"	"beta-cryptoxanthin"	"Group"	"Severe"	-0.456604740822789	0.319346031514613	0.156524510624438	0.35343522587875	"CPLM"	1.826	96	96	0	"HMDB0033844"
"HMDB0001844"	"methylsuccinate"	"Group"	"Severe"	0.175740632708079	0.12294297421156	0.156628600334587	0.35343522587875	"CPLM"	1.99	96	96	0	"HMDB0001844"
"HMDB0001860"	"paraxanthine"	"Group"	"Severe"	-0.878474422289343	0.615239113847786	0.157084488006487	0.354025879272556	"CPLM"	1.99	96	96	0	"HMDB0001860"
"HMDB0000064"	"creatine"	"Group"	"Severe"	-0.354046922204686	0.249049966622811	0.158892026038907	0.355928998098261	"CPLM"	1.99	96	96	0	"HMDB0000064"
"HMDB0000138"	"glycocholate"	"Group"	"Severe"	0.676187682783019	0.476447873134771	0.159577513262175	0.356550694310543	"CPLM"	1.99	96	96	0	"HMDB0000138"
"HMDB0000212"	"N-acetylglucosamine/N-acetylgalactosamine"	"Group"	"Severe"	0.296950069254849	0.209209304020438	0.15952949213555	0.356550694310543	"CPLM"	1.727	96	96	0	"HMDB0000212"
"HMDB0000139"	"glycerate"	"Group"	"Severe"	-0.131307536338558	0.0927666902209949	0.16067503760173	0.358392129810069	"CPLM"	1.99	96	96	0	"HMDB0000139"
"HMDB0240263"	"hydroquinone sulfate"	"Group"	"Severe"	0.851737451012364	0.604657991134193	0.162680692292723	0.361491879439886	"CPLM"	1.99	96	96	0	"HMDB0240263"
"HMDB0003045"	"ergothioneine"	"Group"	"Severe"	0.686042515369431	0.492799314604011	0.167600885192248	0.369751384917184	"CPLM"	1.99	96	96	0	"HMDB0003045"
"HMDB0000564"	"1,2-dipalmitoyl-GPC (16:0/16:0)"	"Group"	"Severe"	0.158561793504102	0.115444845604144	0.173300213246097	0.378660965942722	"CPLM"	1.99	96	96	0	"HMDB0000564"
"HMDB0003320"	"indole-3-carboxylate"	"Group"	"Severe"	0.129458998058438	0.094284242958391	0.173428347231111	0.378783112403144	"CPLM"	1.99	96	96	0	"HMDB0003320"
"HMDB0006248"	"gamma-glutamylalanine"	"Group"	"Severe"	-0.190940723134909	0.139326930222257	0.174241351245163	0.379925840303382	"CPLM"	1.51	96	96	0	"HMDB0006248"
"HMDB0001173"	"5-methylthioadenosine (MTA)"	"Group"	"Severe"	-0.25245421121222	0.184361204521135	0.174585142782782	0.380043374326654	"CPLM"	1.88	96	96	0	"HMDB0001173"
"HMDB0061864"	"dihomolinoleate (20:2n6)"	"Group"	"Severe"	-0.234650841627475	0.171350143673344	0.174561038409183	0.380043374326654	"CPLM"	1.99	96	96	0	"HMDB0061864"
"HMDB0000043"	"betaine"	"Group"	"Severe"	-0.150908874712663	0.110513507784039	0.175777710362569	0.381688742501578	"CPLM"	1.99	96	96	0	"HMDB0000043"
"HMDB0013678"	"4-hydroxyhippurate"	"Group"	"Severe"	-0.558936512346458	0.413960464711879	0.180616774753316	0.388018995004665	"CPLM"	1.99	96	96	0	"HMDB0013678"
"HMDB0240627"	"1-carboxyethylvaline"	"Group"	"Severe"	-0.183744443977153	0.136682829500519	0.182510089711877	0.390486703569596	"CPLM"	1.99	96	96	0	"HMDB0240627"
"HMDB0062735"	"(R)-3-hydroxybutyrylcarnitine"	"Group"	"Severe"	0.947914974768076	0.705856930535271	0.18295623956191	0.390725178295465	"CPLM"	1.99	96	96	0	"HMDB0062735"
"HMDB0002271"	"imidazole propionate"	"Group"	"Severe"	0.399913446857242	0.297853461878398	0.183045348309834	0.390725178295465	"CPLM"	1.99	96	96	0	"HMDB0002271"
"HMDB0000718"	"isovalerate (C5)"	"Group"	"Severe"	0.142225724119122	0.10609337383581	0.183717486405036	0.391749416681673	"CPLM"	1.313	96	96	0	"HMDB0000718"
"HMDB0001954"	"3-hydroxyoctanoate"	"Group"	"Severe"	0.236710838321937	0.176934497240166	0.184601248978044	0.393196161511318	"CPLM"	1.99	96	96	0	"HMDB0001954"
"HMDB0000161"	"alanine"	"Group"	"Severe"	-0.0784784585576589	0.0586903018312708	0.184822847301291	0.393348624694794	"CPLM"	1.99	96	96	0	"HMDB0000161"
"HMDB0240645"	"gamma-glutamyl-2-aminobutyrate"	"Group"	"Severe"	0.240731190966	0.180836977554696	0.186766356992865	0.396262935603457	"CPLM"	1.679	96	96	0	"HMDB0240645"
"HMDB0002250"	"laurylcarnitine (C12)"	"Group"	"Severe"	0.40780004371081	0.306534929955405	0.187045371052224	0.396264485132262	"CPLM"	1.906	96	96	0	"HMDB0002250"
"HMDB0240666"	"pimeloylcarnitine/3-methyladipoylcarnitine (C7-DC)"	"Group"	"Severe"	0.407128568356261	0.306194701896331	0.187279864408045	0.396298138430284	"CPLM"	1.841	96	96	0	"HMDB0240666"
"HMDB0011171"	"gamma-glutamylleucine"	"Group"	"Severe"	-0.128132823414247	0.0965965681965603	0.188321097874461	0.396768114605734	"CPLM"	1.99	96	96	0	"HMDB0011171"
"HMDB0000416"	"17alpha-hydroxypregnenolone 3-sulfate"	"Group"	"Severe"	0.324040814697954	0.245629055033668	0.190720637205209	0.40029990282057	"CPLM"	1.666	96	96	0	"HMDB0000416"
"HMDB0000711"	"2-hydroxyoctanoate"	"Group"	"Severe"	-0.333346596883358	0.252697331626847	0.190745510978652	0.40029990282057	"CPLM"	1.99	96	96	0	"HMDB0000711"
"HMDB0000686"	"isoursodeoxycholate"	"Group"	"Severe"	-0.576310878632173	0.440504133924102	0.194383609683311	0.405307216373471	"CPLM"	1.99	96	96	0	"HMDB0000686"
"HMDB0000291"	"vanillylmandelate (VMA)"	"Group"	"Severe"	0.307517691539998	0.235256752485	0.194768901184042	0.405787889475214	"CPLM"	1.701	96	96	0	"HMDB0000291"
"HMDB0000067"	"cholesterol"	"Group"	"Severe"	0.0876851747894665	0.0673484350971182	0.196530737490305	0.407243078535213	"CPLM"	1.99	96	96	0	"HMDB0000067"
"HMDB0000148"	"glutamate"	"Group"	"Severe"	-0.135672601920264	0.104420355822752	0.197441043254078	0.408434252790685	"CPLM"	1.99	96	96	0	"HMDB0000148"
"HMDB0061705"	"6-oxopiperidine-2-carboxylate"	"Group"	"Severe"	0.429163234954175	0.330672444809832	0.197934130526935	0.408809208540074	"CPLM"	1.872	96	96	0	"HMDB0061705"
"HMDB0000187"	"serine"	"Group"	"Severe"	-0.0958248409113623	0.0750742639888079	0.20537385901036	0.41954831190118	"CPLM"	1.99	96	96	0	"HMDB0000187"
"HMDB0006695"	"prolylhydroxyproline"	"Group"	"Severe"	-0.360037165575603	0.282362371225868	0.20583542496635	0.420000376857409	"CPLM"	1.99	96	96	0	"HMDB0006695"
"HMDB0061112"	"3-carboxy-4-methyl-5-propyl-2-furanpropanoate (CMPF)"	"Group"	"Severe"	-0.414525676467873	0.328329874186971	0.21029458724075	0.425457104741703	"CPLM"	1.99	96	96	0	"HMDB0061112"
"HMDB0000671"	"indolelactate"	"Group"	"Severe"	-0.20234946163618	0.161999939207957	0.215150311311931	0.432610518604204	"CPLM"	1.99	96	96	0	"HMDB0000671"
"HMDB0059724"	"catechol sulfate"	"Group"	"Severe"	-0.541641993305685	0.434984641768629	0.216563052774883	0.434284219345571	"CPLM"	1.909	96	96	0	"HMDB0059724"
"HMDB0007869"	"1-myristoyl-2-palmitoyl-GPC (14:0/16:0)"	"Group"	"Severe"	-0.351060310808454	0.284205060396239	0.220227828016812	0.437618313800743	"CPLM"	1.754	96	96	0	"HMDB0007869"
"HMDB0002199"	"3-(4-hydroxyphenyl)propionate"	"Group"	"Severe"	-0.829256728032674	0.674567315098024	0.222426795642984	0.440652102890748	"CPLM"	1.99	96	96	0	"HMDB0002199"
"HMDB0009809"	"1-stearoyl-2-linoleoyl-GPI (18:0/18:2)"	"Group"	"Severe"	0.138874791761732	0.113270156277964	0.223647343568944	0.441901533412035	"CPLM"	1.926	96	96	0	"HMDB0009809"
"HMDB0001032"	"dehydroepiandrosterone sulfate (DHEA-S)"	"Group"	"Severe"	0.195073819544947	0.159195854878838	0.223901721358208	0.442237524219376	"CPLM"	1.447	96	96	0	"HMDB0001032"
"HMDB0004704"	"9,10-DiHOME"	"Group"	"Severe"	-0.510685185717273	0.418477752994692	0.225791821501717	0.445132448103385	"CPLM"	1.99	96	96	0	"HMDB0004704"
"HMDB0029200"	"ferulic acid 4-sulfate"	"Group"	"Severe"	-0.64566692009414	0.530834742652612	0.227309366842698	0.446780479656338	"CPLM"	1.99	96	96	0	"HMDB0029200"
"HMDB0000396"	"3-hydroxy-2-ethylpropionate"	"Group"	"Severe"	0.128648061767585	0.107472831908823	0.23470314182159	0.45567688845332	"CPLM"	1.99	96	96	0	"HMDB0000396"
"HMDB0000646"	"arabinose"	"Group"	"Severe"	0.294925232526631	0.24874050236533	0.239134298256457	0.461326085359848	"CPLM"	1.794	96	96	0	"HMDB0000646"
"HMDB0000896"	"taurodeoxycholate"	"Group"	"Severe"	-0.667024213381761	0.563180933124788	0.239640441204614	0.461673208551432	"CPLM"	1.99	96	96	0	"HMDB0000896"
"HMDB0000763"	"5-hydroxyindoleacetate"	"Group"	"Severe"	-0.309752410056798	0.265780827049633	0.247178081019649	0.47289378214777	"CPLM"	1.833	96	96	0	"HMDB0000763"
"HMDB0008038"	"1-stearoyl-2-oleoyl-GPC (18:0/18:1)"	"Group"	"Severe"	-0.118985609389478	0.102647403591909	0.249711641083116	0.476296003044655	"CPLM"	1.99	96	96	0	"HMDB0008038"
"HMDB0002064"	"N-acetylputrescine"	"Group"	"Severe"	-0.154724195270017	0.133643003446406	0.250289841795797	0.476586757580667	"CPLM"	1.99	96	96	0	"HMDB0002064"
"HMDB0001406"	"nicotinamide"	"Group"	"Severe"	0.178686573968412	0.156196626196206	0.255918488258221	0.48205335934846	"CPLM"	1.99	96	96	0	"HMDB0001406"
"HMDB0004983"	"dimethyl sulfone"	"Group"	"Severe"	0.545403606850087	0.479103970450428	0.258235996975109	0.484039518438923	"CPLM"	1.99	96	96	0	"HMDB0004983"
"HMDB0062775"	"4-vinylphenol sulfate"	"Group"	"Severe"	-0.356126450808406	0.314390118439751	0.260579539820596	0.48609333258473	"CPLM"	1.99	96	96	0	"HMDB0062775"
"HMDB0001889"	"theophylline"	"Group"	"Severe"	-0.809289164510508	0.716193872963605	0.261737028432538	0.487678554955645	"CPLM"	1.936	96	96	0	"HMDB0001889"
"HMDB0240585"	"cis-4-decenoylcarnitine (C10:1)"	"Group"	"Severe"	0.210469791004331	0.186531942142283	0.262431058886865	0.488183211352508	"CPLM"	1.99	96	96	0	"HMDB0240585"
"HMDB0000511"	"caprate (10:0)"	"Group"	"Severe"	0.398599880535768	0.354354452121638	0.263889952060488	0.490027942140651	"CPLM"	1.99	96	96	0	"HMDB0000511"
"HMDB0000996"	"cysteine sulfinic acid"	"Group"	"Severe"	0.0893975305424491	0.081167533192595	0.273908465029352	0.49951980954952	"CPLM"	1.01	96	96	0	"HMDB0000996"
"HMDB0008048"	"1-stearoyl-2-arachidonoyl-GPC (18:0/20:4)"	"Group"	"Severe"	-0.114103341007389	0.104848485052666	0.27962639702535	0.504688497616667	"CPLM"	1.623	96	96	0	"HMDB0008048"
"HMDB0000951"	"taurochenodeoxycholate"	"Group"	"Severe"	0.565775406696271	0.52337612943141	0.282823158267943	0.507771595199519	"CPLM"	1.99	96	96	0	"HMDB0000951"
"HMDB0011741"	"gamma-glutamyltyrosine"	"Group"	"Severe"	0.140764239124468	0.130658659514656	0.284448214109632	0.51031352541598	"CPLM"	1.99	96	96	0	"HMDB0011741"
"HMDB0004044"	"N6-methyladenosine"	"Group"	"Severe"	0.0945945329978153	0.087990514905353	0.285465919584891	0.511614245489804	"CPLM"	1.494	96	96	0	"HMDB0004044"
"HMDB0000482"	"caprylate (8:0)"	"Group"	"Severe"	0.436880739048907	0.407461782090365	0.286737647081131	0.512618732151666	"CPLM"	1.99	96	96	0	"HMDB0000482"
"HMDB0000682"	"3-indoxyl sulfate"	"Group"	"Severe"	-0.28735267872623	0.269024311192232	0.288559115247153	0.514196288357973	"CPLM"	1.757	96	96	0	"HMDB0000682"
"HMDB0000678"	"isovalerylglycine"	"Group"	"Severe"	-0.0884873243264629	0.0867450154394508	0.310652130402548	0.539960149761671	"CPLM"	1.99	96	96	0	"HMDB0000678"
"HMDB0008057"	"1-stearoyl-2-docosahexaenoyl-GPC (18:0/22:6)"	"Group"	"Severe"	-0.123682938649423	0.122834312234261	0.316905128584048	0.546417427878956	"CPLM"	1.99	96	96	0	"HMDB0008057"
"HMDB0000912"	"N6-succinyladenosine"	"Group"	"Severe"	0.214645623105067	0.213213262487936	0.316996255614624	0.546417427878956	"CPLM"	1.638	96	96	0	"HMDB0000912"
"HMDB0000707"	"4-hydroxyphenylpyruvate"	"Group"	"Severe"	0.170844252036594	0.170032448006609	0.317925817627289	0.547482440423899	"CPLM"	1.458	96	96	0	"HMDB0000707"
"HMDB0000824"	"propionylcarnitine (C3)"	"Group"	"Severe"	0.238851333981219	0.237884038206329	0.318264964443998	0.547566100244201	"CPLM"	1.99	96	96	0	"HMDB0000824"
"HMDB0000782"	"octadecanedioate (C18)"	"Group"	"Severe"	0.273942009810968	0.273209594202855	0.318929181910386	0.548483752217316	"CPLM"	1.888	96	96	0	"HMDB0000782"
"HMDB0170765"	"4-allylphenol sulfate"	"Group"	"Severe"	-0.533405076099967	0.544821449113419	0.330402527752223	0.562320855835888	"CPLM"	1.99	96	96	0	"HMDB0170765"
"HMDB0000054"	"bilirubin"	"Group"	"Severe"	-0.51866051716387	0.530543594322945	0.331112007041743	0.563019249327789	"CPLM"	1.962	96	96	0	"HMDB0000054"
"HMDB0001161"	"deoxycarnitine"	"Group"	"Severe"	-0.148431588254833	0.153305855684243	0.335754577700845	0.56796677595588	"CPLM"	1.99	96	96	0	"HMDB0001161"
"HMDB0062562"	"trans-urocanate"	"Group"	"Severe"	0.286261524859414	0.296669791990698	0.337389765644037	0.569997400463057	"CPLM"	1.764	96	96	0	"HMDB0062562"
"HMDB0061717"	"succinylcarnitine (C4-DC)"	"Group"	"Severe"	0.331097997485867	0.35003336798902	0.346943156352312	0.579048348794246	"CPLM"	1.947	96	96	0	"HMDB0061717"
"HMDB0009784"	"1-palmitoyl-2-linoleoyl-GPI (16:0/18:2)"	"Group"	"Severe"	0.139851052609745	0.149536099042418	0.352381457165609	0.58366657023893	"CPLM"	1.477	96	96	0	"HMDB0009784"
"HMDB0029160"	"gamma-glutamyltryptophan"	"Group"	"Severe"	0.16713404107317	0.179588081428687	0.354732527549685	0.585995536803003	"CPLM"	1.526	96	96	0	"HMDB0029160"
"HMDB0004827"	"stachydrine"	"Group"	"Severe"	0.271541362639365	0.294073635664934	0.358486437407539	0.590236382343842	"CPLM"	1.99	96	96	0	"HMDB0004827"
"HMDB0034879"	"fructosyllysine"	"Group"	"Severe"	-0.100612401779729	0.109751871864085	0.361942213775298	0.592762326370288	"CPLM"	1.307	96	96	0	"HMDB0034879"
"HMDB0000099"	"cystathionine"	"Group"	"Severe"	-0.252285271552051	0.275387795424501	0.362263759913586	0.592807353010803	"CPLM"	1.99	96	96	0	"HMDB0000099"
"HMDB0001999"	"eicosapentaenoate (EPA; 20:5n3)"	"Group"	"Severe"	-0.272355574707632	0.298067618746626	0.363501500840803	0.594017410535735	"CPLM"	1.99	96	96	0	"HMDB0001999"
"HMDB0000317"	"2-hydroxy-3-methylvalerate"	"Group"	"Severe"	-0.159988539059833	0.177119073658848	0.368990179564598	0.599039328955791	"CPLM"	1.99	96	96	0	"HMDB0000317"
"HMDB0000243"	"pyruvate"	"Group"	"Severe"	-0.320275876666901	0.355197323328979	0.369833691769978	0.599693221905308	"CPLM"	1.917	96	96	0	"HMDB0000243"
"HMDB0002226"	"adrenate (22:4n6)"	"Group"	"Severe"	-0.199222593282276	0.222301778350574	0.372748074299057	0.601999045772792	"CPLM"	1.673	96	96	0	"HMDB0002226"
"HMDB0000760"	"hyocholate"	"Group"	"Severe"	-0.367335356499043	0.418625809597013	0.382759407612501	0.614825437994762	"CPLM"	1.99	96	96	0	"HMDB0000760"
"HMDB0059655"	"2-hydroxyglutarate"	"Group"	"Severe"	0.168459582735168	0.193979200785038	0.387656886252443	0.619145818415302	"CPLM"	1.629	96	96	0	"HMDB0059655"
"HMDB0013078"	"stearoyl ethanolamide"	"Group"	"Severe"	-0.196129991022425	0.226493504010748	0.389018792326772	0.619876799441383	"CPLM"	1.745	96	96	0	"HMDB0013078"
"HMDB0000660"	"fructose"	"Group"	"Severe"	0.0971215528874245	0.113227426038131	0.393497082293923	0.624167785707603	"CPLM"	1.02	96	96	0	"HMDB0000660"
"HMDB0001008"	"biliverdin"	"Group"	"Severe"	-0.540293202925646	0.635923824297762	0.397980798284493	0.627238335583086	"CPLM"	1.99	96	96	0	"HMDB0001008"
"HMDB0061384"	"acisoga"	"Group"	"Severe"	0.215666929852389	0.257146439482408	0.404050549438877	0.633245989616699	"CPLM"	1.99	96	96	0	"HMDB0061384"
"HMDB0010320"	"cortolone glucuronide (1)"	"Group"	"Severe"	0.237219422087195	0.283790997798874	0.405614040063063	0.635126911343895	"CPLM"	1.724	96	96	0	"HMDB0010320"
"HMDB0001257"	"spermidine"	"Group"	"Severe"	0.302281491236314	0.369157859999928	0.415222181025489	0.643526952738939	"CPLM"	1.958	96	96	0	"HMDB0001257"
"HMDB0000192"	"cystine"	"Group"	"Severe"	-0.0970012452504279	0.120218259862252	0.422043960275363	0.650940743436472	"CPLM"	1.407	96	96	0	"HMDB0000192"
"HMDB0061880"	"N-acetyl-beta-alanine"	"Group"	"Severe"	0.102764064846958	0.128262030324925	0.425301190046302	0.653465994902669	"CPLM"	1.46	96	96	0	"HMDB0061880"
"HMDB0000254"	"succinate"	"Group"	"Severe"	0.134425351929038	0.168878303874575	0.428308896088324	0.655016579494654	"CPLM"	1.99	96	96	0	"HMDB0000254"
"HMDB0062164"	"thioproline"	"Group"	"Severe"	0.208550378094814	0.263105642329438	0.430242327290102	0.65567880392598	"CPLM"	1.99	96	96	0	"HMDB0062164"
"HMDB0000267"	"5-oxoproline"	"Group"	"Severe"	0.0522851057825711	0.0671762288681691	0.438589190204444	0.662813173899741	"CPLM"	1.99	96	96	0	"HMDB0000267"
"HMDB0000220"	"palmitate (16:0)"	"Group"	"Severe"	-0.0744701395543228	0.0962546953951556	0.441319290343945	0.665022516828634	"CPLM"	1.99	96	96	0	"HMDB0000220"
"HMDB0000933"	"dodecanedioate (C12)"	"Group"	"Severe"	-0.193510009278261	0.250574330524458	0.442150407179057	0.665892227239223	"CPLM"	1.68	96	96	0	"HMDB0000933"
"HMDB0240624"	"4-hydroxychlorothalonil"	"Group"	"Severe"	-0.24260982718544	0.320030360969281	0.450547968380819	0.672360144049235	"CPLM"	1.862	96	96	0	"HMDB0240624"
"HMDB0010316"	"4-acetamidophenylglucuronide"	"Group"	"Severe"	0.935658877573483	1.23760739881997	0.451776191994365	0.672728872022093	"CPLM"	1.852	96	96	0	"HMDB0010316"
"HMDB0000086"	"glycerophosphorylcholine (GPC)"	"Group"	"Severe"	-0.0831974835041521	0.114311567564968	0.468776084020456	0.687241203411594	"CPLM"	1.015	96	96	0	"HMDB0000086"
"HMDB0001200"	"N-formylkynurenine"	"Group"	"Severe"	0.121318451390707	0.168998428131465	0.474854824069521	0.692282095474165	"CPLM"	1.99	96	96	0	"HMDB0001200"
"HMDB0000656"	"cysteine-glutathione disulfide"	"Group"	"Severe"	0.163278132620034	0.227557837389697	0.475065653959492	0.692396967582984	"CPLM"	1.653	96	96	0	"HMDB0000656"
"HMDB0240625"	"5alpha-androstan-3beta,17alpha-diol disulfate"	"Group"	"Severe"	-0.260803590632435	0.364668887765846	0.476505297538087	0.693263774262326	"CPLM"	1.99	96	96	0	"HMDB0240625"
"HMDB0000857"	"pimelate (C7-DC)"	"Group"	"Severe"	0.179328186491734	0.25461669138718	0.483213399699837	0.697720511816991	"CPLM"	1.812	96	96	0	"HMDB0000857"
"HMDB0000574"	"cysteine"	"Group"	"Severe"	0.0713722096088918	0.102339160207955	0.487496102843277	0.700583601893708	"CPLM"	1.99	96	96	0	"HMDB0000574"
"HMDB0000202"	"methylmalonate (MMA)"	"Group"	"Severe"	0.192618877434708	0.280371670638264	0.493989885740574	0.706022424989705	"CPLM"	1.886	96	96	0	"HMDB0000202"
"HMDB0010318"	"pregnanediol-3-glucuronide"	"Group"	"Severe"	0.232499837956082	0.340460903877529	0.496573451209297	0.708117872157953	"CPLM"	1.916	96	96	0	"HMDB0010318"
"HMDB0002712"	"1,5-anhydroglucitol (1,5-AG)"	"Group"	"Severe"	-0.108768966694319	0.159970462470005	0.49843987186301	0.709120074705453	"CPLM"	1.372	96	96	0	"HMDB0002712"
"HMDB0060015"	"phenol sulfate"	"Group"	"Severe"	0.168373572326481	0.249714331602624	0.502016669495371	0.712360395792545	"CPLM"	1.895	96	96	0	"HMDB0060015"
"HMDB0000619"	"cholate"	"Group"	"Severe"	0.253152430128703	0.377093131712877	0.503876982997582	0.713372272904784	"CPLM"	1.99	96	96	0	"HMDB0000619"
"HMDB0000062"	"carnitine"	"Group"	"Severe"	0.0679587074745193	0.103220283783653	0.512112805416987	0.720364686589775	"CPLM"	1.99	96	96	0	"HMDB0000062"
"HMDB0002580"	"taurolithocholate 3-sulfate"	"Group"	"Severe"	-0.332079397101777	0.5074183805484	0.514632069484961	0.722745198816051	"CPLM"	1.99	96	96	0	"HMDB0002580"
"HMDB0000321"	"2-hydroxyadipate"	"Group"	"Severe"	0.174356733797891	0.266796948113465	0.515228501513084	0.723195466256588	"CPLM"	1.706	96	96	0	"HMDB0000321"
"HMDB0000453"	"5-hydroxyhexanoate"	"Group"	"Severe"	0.100260807694064	0.153984743198075	0.516774939353365	0.724203041680664	"CPLM"	1.485	96	96	0	"HMDB0000453"
"HMDB0240626"	"1-carboxyethylleucine"	"Group"	"Severe"	-0.1005855549212	0.154685135170495	0.517320177592789	0.724579864128361	"CPLM"	1.761	96	96	0	"HMDB0240626"
"HMDB0000565"	"galactonate"	"Group"	"Severe"	0.157018398089336	0.241975792379831	0.518193689248736	0.725415831932827	"CPLM"	1.726	96	96	0	"HMDB0000565"
"HMDB0007982"	"1-palmitoyl-2-arachidonoyl-GPC (16:0/20:4n6)"	"Group"	"Severe"	0.0646084103022246	0.100218706887485	0.520916212811175	0.726705139659964	"CPLM"	1.509	96	96	0	"HMDB0007982"
"HMDB0002596"	"deoxycholic acid glucuronide"	"Group"	"Severe"	0.296000387932716	0.461442405333423	0.522986377476719	0.728788086980796	"CPLM"	1.99	96	96	0	"HMDB0002596"
"HMDB0001138"	"N-acetylglutamate"	"Group"	"Severe"	-0.164248019742577	0.259513284836436	0.528533696213555	0.732847885495474	"CPLM"	1.69	96	96	0	"HMDB0001138"
"HMDB0002820"	"1-methyl-4-imidazoleacetate"	"Group"	"Severe"	-0.0991423572979729	0.158527902636008	0.533428465711265	0.736538350872952	"CPLM"	1.99	96	96	0	"HMDB0002820"
"HMDB0000892"	"valerate (5:0)"	"Group"	"Severe"	0.174865462655086	0.279744434756789	0.533626776899951	0.736598793909804	"CPLM"	1.772	96	96	0	"HMDB0000892"
"HMDB0059587"	"perfluorooctanoate (PFOA)"	"Group"	"Severe"	-0.139374843462397	0.228555833920384	0.543655855272108	0.746121775725447	"CPLM"	1.99	96	96	0	"HMDB0059587"
"HMDB0000092"	"dimethylglycine"	"Group"	"Severe"	-0.0909456260188447	0.152758145740152	0.553224748320358	0.75314397201245	"CPLM"	1.99	96	96	0	"HMDB0000092"
"HMDB0000079"	"5,6-dihydrothymine"	"Group"	"Severe"	-0.0802325785355611	0.135199060514223	0.554500263894142	0.753939757717521	"CPLM"	1.99	96	96	0	"HMDB0000079"
"HMDB0000206"	"N6-acetyllysine"	"Group"	"Severe"	-0.0402250354167713	0.0679421272485773	0.55542746077783	0.754575545160347	"CPLM"	1.99	96	96	0	"HMDB0000206"
"HMDB0060013"	"guaiacol sulfate"	"Group"	"Severe"	-0.243429369550522	0.414565314291829	0.558668833472693	0.756663936344618	"CPLM"	1.985	96	96	0	"HMDB0060013"
"HMDB0000641"	"glutamine"	"Group"	"Severe"	-0.0424802665311311	0.0723906958708296	0.558917770938514	0.756768600774999	"CPLM"	1.541	96	96	0	"HMDB0000641"
"HMDB0011568"	"1-linoleoylglycerol (18:2)"	"Group"	"Severe"	-0.163124966961604	0.279493539775697	0.561042008883385	0.758590477294786	"CPLM"	1.99	96	96	0	"HMDB0011568"
"HMDB0004705"	"12,13-DiHOME"	"Group"	"Severe"	-0.225602274224165	0.404108081963464	0.578161482047497	0.769317130641227	"CPLM"	1.99	96	96	0	"HMDB0004705"
"HMDB0000848"	"stearoylcarnitine (C18)"	"Group"	"Severe"	-0.0819065204698221	0.14654398641357	0.577720525584783	0.769317130641227	"CPLM"	1.508	96	96	0	"HMDB0000848"
"HMDB0010382"	"1-palmitoyl-GPC (16:0)"	"Group"	"Severe"	-0.0421722128974024	0.0757377031701751	0.579149268425771	0.770045325462663	"CPLM"	1.815	96	96	0	"HMDB0010382"
"HMDB0000210"	"pantothenate (Vitamin B5)"	"Group"	"Severe"	0.0699239067686083	0.129217648359347	0.589865528881556	0.777199706898211	"CPLM"	1.99	96	96	0	"HMDB0000210"
"HMDB0000867"	"ribonate"	"Group"	"Severe"	0.0572048908439832	0.108151606879744	0.598264033971741	0.783344967327793	"CPLM"	1.99	96	96	0	"HMDB0000867"
"HMDB0041724"	"dihydroferulic acid sulfate"	"Group"	"Severe"	-0.280043928822936	0.532465019593374	0.60033330693796	0.785466033329008	"CPLM"	1.99	96	96	0	"HMDB0041724"
"HMDB0000946"	"ursodeoxycholate"	"Group"	"Severe"	0.249908361083161	0.495422254897339	0.615292231794474	0.796099793617128	"CPLM"	1.99	96	96	0	"HMDB0000946"
"HMDB0000875"	"trigonelline (N-methylnicotinate)"	"Group"	"Severe"	-0.115564758658364	0.230423908513294	0.617325098970047	0.79735291108348	"CPLM"	1.99	96	96	0	"HMDB0000875"
"METPA0616"	"imidazole lactate"	"Group"	"Severe"	0.0602224241475999	0.121183441668099	0.620536284162054	0.799924354509786	"CPLM"	1.99	96	96	0	"METPA0616"
"HMDB0004988"	"1-methyl-5-imidazoleacetate"	"Group"	"Severe"	0.197234747261308	0.400235191476264	0.623457142821608	0.802505954088492	"CPLM"	1.99	96	96	0	"HMDB0004988"
"HMDB0094696"	"N-methylproline"	"Group"	"Severe"	-0.209372749770187	0.441082903386934	0.6362624454954	0.810400823517987	"CPLM"	1.99	96	96	0	"HMDB0094696"
"HMDB0000294"	"urea"	"Group"	"Severe"	0.0731390300428256	0.153745408353464	0.635526977586417	0.810400823517987	"CPLM"	1.99	96	96	0	"HMDB0000294"
"HMDB0000943"	"threonate"	"Group"	"Severe"	-0.0718576517553562	0.156696220011701	0.647734805553572	0.817477203097543	"CPLM"	1.59	96	96	0	"HMDB0000943"
"HMDB0000156"	"malate"	"Group"	"Severe"	0.0603037420564501	0.132257105851903	0.649610635521238	0.818169960220248	"CPLM"	1.99	96	96	0	"HMDB0000156"
"HMDB0029127"	"valylglycine"	"Group"	"Severe"	0.0986251422152865	0.217280461483884	0.651080381948551	0.81935817685102	"CPLM"	1.831	96	96	0	"HMDB0029127"
"HMDB0240342"	"N-acetylkynurenine (2)"	"Group"	"Severe"	0.259570623320121	0.573859561623605	0.652215370108103	0.819999376851328	"CPLM"	1.99	96	96	0	"HMDB0240342"
"HMDB0240656"	"lanthionine"	"Group"	"Severe"	0.130772837059086	0.292099629235079	0.655536462088767	0.821791404178748	"CPLM"	1.84	96	96	0	"HMDB0240656"
"HMDB0000765"	"mannitol/sorbitol"	"Group"	"Severe"	0.231732400556935	0.519376646690927	0.656633328614508	0.822537550313826	"CPLM"	1.99	96	96	0	"HMDB0000765"
"HMDB0002038"	"N6-methyllysine"	"Group"	"Severe"	-0.102356235178004	0.235681978884779	0.665198921519952	0.828969378434085	"CPLM"	1.99	96	96	0	"HMDB0002038"
"HMDB37115"	"2-hydroxy-4-(methylthio)butanoic acid"	"Group"	"Severe"	-0.0942886162883141	0.217995503933632	0.666481266892757	0.829384851349221	"CPLM"	1.656	96	96	0	"HMDB37115"
"HMDB0002005"	"methionine sulfoxide"	"Group"	"Severe"	0.0611454011615133	0.143237885740199	0.670571940685111	0.832894186867059	"CPLM"	1.99	96	96	0	"HMDB0002005"
"HMDB0001991"	"7-methylxanthine"	"Group"	"Severe"	0.0640629845882333	0.152308904631141	0.675125319384173	0.836173163639726	"CPLM"	1.99	96	96	0	"HMDB0001991"
"HMDB0000535"	"caproate (6:0)"	"Group"	"Severe"	0.0272279312721697	0.0649654118234641	0.676215315944686	0.837127742401779	"CPLM"	1.99	96	96	0	"HMDB0000535"
"HMDB0155722"	"O-sulfo-L-tyrosine"	"Group"	"Severe"	0.0651629899724953	0.158168285652528	0.681412350611477	0.839992093701596	"CPLM"	1.99	96	96	0	"HMDB0155722"
"HMDB0000699"	"1-methylnicotinamide"	"Group"	"Severe"	0.171885711433246	0.419268291922888	0.682887187101505	0.840821885221952	"CPLM"	1.99	96	96	0	"HMDB0000699"
"HMDB0000925"	"trimethylamine N-oxide"	"Group"	"Severe"	-0.131455998533092	0.321038123513032	0.683248409396411	0.841069168749948	"CPLM"	1.99	96	96	0	"HMDB0000925"
"HMDB0000730"	"isobutyrylglycine (C4)"	"Group"	"Severe"	0.0395128183005372	0.0977784789716644	0.687174534983732	0.843542960510148	"CPLM"	1.99	96	96	0	"HMDB0000730"
"HMDB0062657"	"epiandrosterone sulfate"	"Group"	"Severe"	-0.0982756345316477	0.245346022497447	0.689773802304897	0.844936654820575	"CPLM"	1.707	96	96	0	"HMDB0062657"
"HMDB0003072"	"quinate"	"Group"	"Severe"	-0.190700852677253	0.480934971430069	0.692738299060663	0.847578077525459	"CPLM"	1.99	96	96	0	"HMDB0003072"
"HMDB0000808"	"butyrylglycine (C4)"	"Group"	"Severe"	0.0505545195639095	0.128609936953576	0.695265198139537	0.848577089345543	"CPLM"	1.374	96	96	0	"HMDB0000808"
"HMDB0011567"	"1-oleoylglycerol (18:1)"	"Group"	"Severe"	-0.10987442488836	0.293222033107304	0.708828840255729	0.85647429453941	"CPLM"	1.81	96	96	0	"HMDB0011567"
"HMDB0006344"	"phenylacetylglutamine"	"Group"	"Severe"	0.113527784746799	0.307586406719364	0.7129988033867	0.859729989643563	"CPLM"	1.99	96	96	0	"HMDB0006344"
"HMDB0000518"	"chenodeoxycholate"	"Group"	"Severe"	0.0867028195018916	0.237502098780558	0.715994256588656	0.861310196775873	"CPLM"	1.99	96	96	0	"HMDB0000518"
"HMDB0003681"	"4-acetamidobutanoate"	"Group"	"Severe"	-0.123385454719376	0.349312599782653	0.724816364381724	0.866014357443099	"CPLM"	1.898	96	96	0	"HMDB0003681"
"HMDB0000020"	"4-hydroxyphenylacetate"	"Group"	"Severe"	-0.123600947186713	0.347697097398181	0.723128456014374	0.866014357443099	"CPLM"	1.9	96	96	0	"HMDB0000020"
"HMDB0000517"	"arginine"	"Group"	"Severe"	-0.0329130564461698	0.0927111386388348	0.723485234584844	0.866014357443099	"CPLM"	1.01	96	96	0	"HMDB0000517"
"HMDB0011172"	"gamma-glutamylvaline"	"Group"	"Severe"	0.0371307818443785	0.1043538703074	0.722881093106267	0.866014357443099	"CPLM"	1.99	96	96	0	"HMDB0011172"
"HMDB0029412"	"betonicine"	"Group"	"Severe"	0.215873798548674	0.630605968054176	0.732969759986879	0.870795972218213	"CPLM"	1.99	96	96	0	"HMDB0029412"
"HMDB0000555"	"3-methyladipate"	"Group"	"Severe"	-0.167258011321167	0.50113162735112	0.739401957874911	0.874436192510953	"CPLM"	1.99	96	96	0	"HMDB0000555"
"HMDB0000001"	"1-methylhistidine"	"Group"	"Severe"	-0.0418440213290441	0.125982872803836	0.740620450970257	0.875324238198789	"CPLM"	1.99	96	96	0	"HMDB0000001"
"HMDB0000956"	"tartarate"	"Group"	"Severe"	-0.146832319293619	0.442714473052341	0.740979230377552	0.875550942789519	"CPLM"	1.99	96	96	0	"HMDB0000956"
"HMDB0000039"	"butyrate/isobutyrate (4:0)"	"Group"	"Severe"	0.0461437691819619	0.14991904423188	0.759012234102323	0.886558831481352	"CPLM"	1.703	96	96	0	"HMDB0000039"
"HMDB0061661"	"9-hydroxystearate"	"Group"	"Severe"	-0.0690978232223157	0.228788359148967	0.763395087439365	0.889753220313324	"CPLM"	1.629	96	96	0	"HMDB0061661"
"HMDB0000289"	"urate"	"Group"	"Severe"	-0.0436360453296268	0.145963392675463	0.765723928923347	0.889753220313324	"CPLM"	1.99	96	96	0	"HMDB0000289"
"HMDB0003911"	"3-aminoisobutyrate"	"Group"	"Severe"	-0.0844877707762176	0.284978754786132	0.767611439054174	0.89009036146566	"CPLM"	1.99	96	96	0	"HMDB0003911"
"HMDB0000624"	"alpha-hydroxyisocaproate"	"Group"	"Severe"	0.0351112363194722	0.117947557184479	0.766687321159427	0.89009036146566	"CPLM"	1.99	96	96	0	"HMDB0000624"
"HMDB0011738"	"gamma-glutamylglutamine"	"Group"	"Severe"	0.0368280850607359	0.125144003951557	0.769274364081899	0.891311260549155	"CPLM"	1.717	96	96	0	"HMDB0011738"
"HMDB0002203"	"3-hydroxydecanoate"	"Group"	"Severe"	0.0404649847418459	0.140468191061705	0.774009574764025	0.894289396686473	"CPLM"	1.99	96	96	0	"HMDB0002203"
"HMDB0033724"	"10-undecenoate (11:1n1)"	"Group"	"Severe"	-0.0469191775258421	0.165602039598666	0.777633288064207	0.895849947849011	"CPLM"	1.99	96	96	0	"HMDB0033724"
"HMDB0000866"	"N-acetyltyrosine"	"Group"	"Severe"	0.036474702314689	0.129317989651886	0.778603932535573	0.895942115433603	"CPLM"	1.99	96	96	0	"HMDB0000866"
"HMDB0013622"	"10-nonadecenoate (19:1n9)"	"Group"	"Severe"	0.049361122713985	0.189496662952225	0.795134496559346	0.905862546156248	"CPLM"	1.99	96	96	0	"HMDB0013622"
"HMDB0028922"	"leucylalanine"	"Group"	"Severe"	0.0894004116418293	0.348525078262161	0.798191262209838	0.907964203693794	"CPLM"	1.914	96	96	0	"HMDB0028922"
"HMDB0011697"	"lignoceroyl sphingomyelin (d18:1/24:0)"	"Group"	"Severe"	-0.0239179395794864	0.0949871766860523	0.801816723349588	0.910363166632719	"CPLM"	1.99	96	96	0	"HMDB0011697"
"HMDB0001859"	"4-acetamidophenol"	"Group"	"Severe"	-0.293667682341002	1.17451922406529	0.803180231750049	0.910554889497317	"CPLM"	1.88	96	96	0	"HMDB0001859"
"HMDB0000638"	"laurate (12:0)"	"Group"	"Severe"	0.045293206423861	0.185299682499505	0.807499363875184	0.913007042725628	"CPLM"	1.99	96	96	0	"HMDB0000638"
"HMDB0000637"	"glycochenodeoxycholate"	"Group"	"Severe"	0.117695767737453	0.490104524086428	0.810810574630732	0.915566462825917	"CPLM"	1.99	96	96	0	"HMDB0000637"
"HMDB0006547"	"stearidonate (18:4n3)"	"Group"	"Severe"	0.0441314259323398	0.186647691633454	0.813671941246791	0.917217467733915	"CPLM"	1.99	96	96	0	"HMDB0006547"
"HMDB0000673"	"linoleate (18:2n6)"	"Group"	"Severe"	-0.04106172052728	0.179058535303233	0.819184283607297	0.919872030671662	"CPLM"	1.99	96	96	0	"HMDB0000673"
"HMDB0011130"	"1-stearoyl-GPE (18:0)"	"Group"	"Severe"	-0.0302547525986366	0.134632167396784	0.822748196772948	0.920486003020153	"CPLM"	1.686	96	96	0	"HMDB0011130"
"HMDB0000788"	"orotidine"	"Group"	"Severe"	-0.0405537241672475	0.180315757399902	0.822606790021334	0.920486003020153	"CPLM"	1.556	96	96	0	"HMDB0000788"
"HMDB0029723"	"saccharin"	"Group"	"Severe"	0.0817314607614891	0.366966607366458	0.824299219791619	0.921580883381042	"CPLM"	1.99	96	96	0	"HMDB0029723"
"HMDB0013130"	"glutarylcarnitine (C5-DC)"	"Group"	"Severe"	0.0319265171519766	0.148051027887355	0.829793247285565	0.924264186228866	"CPLM"	1.99	96	96	0	"HMDB0013130"
"HMDB0240209"	"chiro-inositol"	"Group"	"Severe"	0.147610374056568	0.687000708317903	0.83040192997372	0.924549409932524	"CPLM"	1.99	96	96	0	"HMDB0240209"
"HMDB0240577"	"3-methylcytidine"	"Group"	"Severe"	0.0609675081083936	0.284115836030687	0.830615831824914	0.924591259199714	"CPLM"	1.929	96	96	0	"HMDB0240577"
"HMDB0029737"	"3-formylindole"	"Group"	"Severe"	0.0198669159128359	0.093285411798469	0.83187323001276	0.925205348501996	"CPLM"	1.99	96	96	0	"HMDB0029737"
"HMDB0011537"	"2-oleoylglycerol (18:1)"	"Group"	"Severe"	-0.0576820085813714	0.277767794705477	0.836001031549184	0.926651745813554	"CPLM"	1.723	96	96	0	"HMDB0011537"
"HMDB0004193"	"N1-Methyl-2-pyridone-5-carboxamide"	"Group"	"Severe"	0.0455148095421563	0.222462053132932	0.838388790150901	0.927533927331503	"CPLM"	1.99	96	96	0	"HMDB0004193"
"HMDB0011506"	"1-oleoyl-GPE (18:1)"	"Group"	"Severe"	-0.0340002023896831	0.167251731932343	0.839407806511435	0.928229201973682	"CPLM"	1.99	96	96	0	"HMDB0011506"
"HMDB0004484"	"etiocholanolone glucuronide"	"Group"	"Severe"	-0.0656813299412416	0.326247965515479	0.84093832218676	0.928725014444272	"CPLM"	1.865	96	96	0	"HMDB0004484"
"HMDB0000197"	"indoleacetate"	"Group"	"Severe"	-0.0370230510096436	0.18917673534058	0.84531850166131	0.930489131551618	"CPLM"	1.99	96	96	0	"HMDB0000197"
"HMDB0000452"	"2-aminobutyrate"	"Group"	"Severe"	0.0234636661325328	0.128911179777787	0.856015377707909	0.936562620634316	"CPLM"	1.548	96	96	0	"HMDB0000452"
"HMDB0002088"	"oleoyl ethanolamide"	"Group"	"Severe"	0.0358256976060139	0.21693648336301	0.86923242298816	0.944309848719125	"CPLM"	1.652	96	96	0	"HMDB0002088"
"HMDB0000134"	"fumarate"	"Group"	"Severe"	-0.0220969328260802	0.136242214055416	0.871551537638362	0.945514838893673	"CPLM"	1.99	96	96	0	"HMDB0000134"
"HMDB0002815"	"1-oleoyl-GPC (18:1)"	"Group"	"Severe"	0.0160639900780339	0.0993750472328993	0.871974225401291	0.94554028908279	"CPLM"	1.667	96	96	0	"HMDB0002815"
"HMDB0060038"	"10-heptadecenoate (17:1n7)"	"Group"	"Severe"	0.0266007485185809	0.180752630932284	0.883357424204392	0.951045484959978	"CPLM"	1.99	96	96	0	"HMDB0060038"
"HMDB0000114"	"glycerophosphoethanolamine"	"Group"	"Severe"	-0.0161169431070713	0.108800184313797	0.88259676509762	0.951045484959978	"CPLM"	1.015	96	96	0	"HMDB0000114"
"HMDB0033585"	"acesulfame"	"Group"	"Severe"	0.117095530350006	0.809921408294315	0.885395809071345	0.951418419629112	"CPLM"	1.99	96	96	0	"HMDB0033585"
"HMDB0000226"	"orotate"	"Group"	"Severe"	0.0187366966293762	0.132502879383381	0.887891899058514	0.952170644250831	"CPLM"	1.99	96	96	0	"HMDB0000226"
"HMDB0240316"	"glycerophosphoglycerol"	"Group"	"Severe"	-0.0250948200874092	0.178765643534358	0.888701203235763	0.952257684872975	"CPLM"	1.492	96	96	0	"HMDB0240316"
"HMDB0002329"	"oxalate (ethanedioate)"	"Group"	"Severe"	0.0182649771717053	0.137820765718539	0.894888203541016	0.956004931958674	"CPLM"	1.99	96	96	0	"HMDB0002329"
"HMDB0000552"	"3-methylglutarylcarnitine (2)"	"Group"	"Severe"	0.0573650937135672	0.460801223782948	0.901228412912963	0.958823655369361	"CPLM"	1.99	96	96	0	"HMDB0000552"
"HMDB0059772"	"phenylacetylglutamate"	"Group"	"Severe"	-0.0556318437186733	0.473543655328925	0.906763625742518	0.961284560292441	"CPLM"	1.99	96	96	0	"HMDB0059772"
"HMDB0028878"	"histidylalanine"	"Group"	"Severe"	-0.0527559875569623	0.481770910348608	0.91306683315702	0.963189226532449	"CPLM"	1.99	96	96	0	"HMDB0028878"
"HMDB0001067"	"N-acetyl-aspartyl-glutamate (NAAG)"	"Group"	"Severe"	-0.0491540737368112	0.478431885556111	0.91841717868559	0.966134340025524	"CPLM"	1.99	96	96	0	"HMDB0001067"
"HMDB0000679"	"homocitrulline"	"Group"	"Severe"	0.0353245942311134	0.369613660540687	0.924091138637401	0.970218174943652	"CPLM"	1.99	96	96	0	"HMDB0000679"
"HMDB0000959"	"tigloylglycine"	"Group"	"Severe"	0.029199714352258	0.315635148623896	0.926515004919076	0.970941658890757	"CPLM"	1.907	96	96	0	"HMDB0000959"
"HMDB0006029"	"N-acetylglutamine"	"Group"	"Severe"	-0.00942724973052777	0.11156650069133	0.9328632365566	0.973906990344975	"CPLM"	1.99	96	96	0	"HMDB0006029"
"HMDB0000510"	"2-aminoadipate"	"Group"	"Severe"	-0.0246435381909183	0.311284441663288	0.937090141346305	0.976490308987945	"CPLM"	1.976	96	96	0	"HMDB0000510"
"HMDB0240343"	"N-acetylmethionine sulfoxide"	"Group"	"Severe"	-0.0263512590521379	0.348906643238806	0.939978557270384	0.978086510046345	"CPLM"	1.99	96	96	0	"HMDB0240343"
"HMDB0240328"	"2-O-methyluridine"	"Group"	"Severe"	-0.0156960520755348	0.214701494301305	0.941897345011764	0.978469220162252	"CPLM"	1.562	96	96	0	"HMDB0240328"
"HMDB0000339"	"2-methylbutyrylglycine (C5)"	"Group"	"Severe"	0.00963505546517246	0.133272073916625	0.942540174738225	0.978554875534994	"CPLM"	1.459	96	96	0	"HMDB0000339"
"HMDB0000783"	"propionylglycine (C3)"	"Group"	"Severe"	0.0108827853950441	0.168754638228279	0.948736085838266	0.982175309963319	"CPLM"	1.45	96	96	0	"HMDB0000783"
"HMDB0062174"	"methionine sulfone"	"Group"	"Severe"	0.0174697337724477	0.327531772638156	0.957591152595699	0.98443599376825	"CPLM"	1.99	96	96	0	"HMDB0062174"
"HMDB0000661"	"glutarate (C5-DC)"	"Group"	"Severe"	0.00667284422293743	0.146900775478438	0.963878336094336	0.986644152738375	"CPLM"	1.99	96	96	0	"HMDB0000661"
"HMDB0002024"	"4-imidazoleacetate"	"Group"	"Severe"	0.00505583832537738	0.113783767585378	0.964665395489692	0.986671512634632	"CPLM"	1.409	96	96	0	"HMDB0002024"
"HMDB0007991"	"1-palmitoyl-2-docosahexaenoyl-GPC (16:0/22:6)"	"Group"	"Severe"	0.00488543220421774	0.114608082429555	0.96610102010246	0.986800496575243	"CPLM"	1.99	96	96	0	"HMDB0007991"
"HMDB0011621"	"cinnamoylglycine"	"Group"	"Severe"	-0.0206803833562412	0.503476570237337	0.967334619653131	0.987483501160409	"CPLM"	1.99	96	96	0	"HMDB0011621"
"HMDB0006275"	"dopamine 3-O-sulfate"	"Group"	"Severe"	-0.0105141217167094	0.369458914468815	0.97736505181373	0.991930004201897	"CPLM"	1.944	96	96	0	"HMDB0006275"
"HMDB0094657"	"2-oxindole-3-acetate"	"Group"	"Severe"	0.0087726436844966	0.327857556444759	0.978717393035777	0.992074701383082	"CPLM"	1.99	96	96	0	"HMDB0094657"
"HMDB0059911"	"4-acetaminophen sulfate"	"Group"	"Severe"	-0.0171699035274749	0.957116041633774	0.985730404474903	0.993924053749154	"CPLM"	1.793	96	96	0	"HMDB0059911"
"HMDB0000806"	"myristate (14:0)"	"Group"	"Severe"	0.00087306437015561	0.129453106189439	0.994635090076728	0.99863419727405	"CPLM"	1.99	96	96	0	"HMDB0000806"
"HMDB0008993"	"1-stearoyl-2-oleoyl-GPE (18:0/18:1)"	"Group"	"Severe"	-0.000579752752909541	0.234967971662045	0.998037246850649	0.999183520690186	"CPLM"	1.661	96	96	0	"HMDB0008993"
"HMDB0011757"	"N-acetylvaline"	"Group"	"Severe"	-0.000498041534088029	0.0868541989463593	0.995438535371176	0.999183520690186	"CPLM"	1.99	96	96	0	"HMDB0011757"
